{
  "blockTypes": [
    {
      "id": 1,
      "name": "bamboo-slats",
      "textureUri": "blocks/bamboo-slats.png",
      "isCustom": false,
      "isMultiTexture": false
    },
    {
      "id": 2,
      "name": "cobblestone-dark",
      "textureUri": "blocks/cobblestone-dark.png",
      "isCustom": false,
      "isMultiTexture": false
    },
    {
      "id": 3,
      "name": "diamond-block",
      "textureUri": "blocks/diamond-block.png",
      "isCustom": false,
      "isMultiTexture": false
    },
    {
      "id": 4,
      "name": "glass-window-divided",
      "textureUri": "blocks/glass-window-divided.png",
      "isCustom": false,
      "isMultiTexture": false
    },
    {
      "id": 5,
      "name": "glass-window",
      "textureUri": "blocks/glass-window.png",
      "isCustom": false,
      "isMultiTexture": false
    },
    {
      "id": 6,
      "name": "infected-shadowrock-core",
      "textureUri": "blocks/infected-shadowrock-core.png",
      "isCustom": false,
      "isMultiTexture": false
    },
    {
      "id": 7,
      "name": "infected-shadowrock",
      "textureUri": "blocks/infected-shadowrock.png",
      "isCustom": false,
      "isMultiTexture": false
    },
    {
      "id": 8,
      "name": "lava-dirt-cracked",
      "textureUri": "blocks/lava-dirt-cracked.png",
      "isCustom": false,
      "isMultiTexture": false
    },
    {
      "id": 9,
      "name": "oak-planks-dark",
      "textureUri": "blocks/oak-planks-dark.png",
      "isCustom": false,
      "isMultiTexture": false
    },
    {
      "id": 10,
      "name": "snow-rocks",
      "textureUri": "blocks/snow-rocks.png",
      "isCustom": false,
      "isMultiTexture": false
    },
    {
      "id": 11,
      "name": "stone-bricks",
      "textureUri": "blocks/stone-bricks.png",
      "isCustom": false,
      "isMultiTexture": false
    },
    {
      "id": 12,
      "name": "jeopardy2",
      "textureUri": "blocks/jeopardy2.png",
      "isCustom": true,
      "isMultiTexture": false
    }
  ],
  "blocks": {
    "-1,0,-1": 12,
    "-1,0,-10": 12,
    "-1,0,-11": 12,
    "-1,0,-12": 12,
    "-1,0,-13": 12,
    "-1,0,-14": 12,
    "-1,0,-15": 12,
    "-1,0,-16": 12,
    "-1,0,-17": 12,
    "-1,0,-18": 12,
    "-1,0,-19": 12,
    "-1,0,-2": 12,
    "-1,0,-20": 12,
    "-1,0,-21": 12,
    "-1,0,-22": 12,
    "-1,0,-23": 12,
    "-1,0,-24": 12,
    "-1,0,-25": 12,
    "-1,0,-26": 12,
    "-1,0,-27": 12,
    "-1,0,-28": 12,
    "-1,0,-29": 12,
    "-1,0,-3": 12,
    "-1,0,-30": 12,
    "-1,0,-31": 12,
    "-1,0,-32": 12,
    "-1,0,-33": 9,
    "-1,0,-34": 9,
    "-1,0,-4": 12,
    "-1,0,-5": 12,
    "-1,0,-6": 12,
    "-1,0,-7": 12,
    "-1,0,-8": 12,
    "-1,0,-9": 12,
    "-1,0,0": 12,
    "-1,0,1": 12,
    "-1,0,10": 12,
    "-1,0,11": 12,
    "-1,0,12": 12,
    "-1,0,13": 12,
    "-1,0,14": 12,
    "-1,0,15": 12,
    "-1,0,2": 12,
    "-1,0,3": 12,
    "-1,0,4": 12,
    "-1,0,5": 12,
    "-1,0,6": 12,
    "-1,0,7": 12,
    "-1,0,8": 12,
    "-1,0,9": 12,
    "-1,1,-31": 9,
    "-1,1,-32": 9,
    "-1,1,-33": 9,
    "-1,1,-34": 9,
    "-1,2,-32": 9,
    "-1,2,-33": 9,
    "-1,2,-34": 9,
    "-1,3,-33": 9,
    "-1,3,-34": 9,
    "-1,4,-34": 9,
    "-10,0,-1": 12,
    "-10,0,-10": 12,
    "-10,0,-11": 12,
    "-10,0,-12": 12,
    "-10,0,-13": 12,
    "-10,0,-14": 12,
    "-10,0,-15": 12,
    "-10,0,-16": 12,
    "-10,0,-17": 12,
    "-10,0,-18": 12,
    "-10,0,-19": 12,
    "-10,0,-2": 12,
    "-10,0,-20": 12,
    "-10,0,-21": 12,
    "-10,0,-22": 12,
    "-10,0,-23": 12,
    "-10,0,-24": 12,
    "-10,0,-25": 12,
    "-10,0,-26": 12,
    "-10,0,-27": 12,
    "-10,0,-28": 12,
    "-10,0,-29": 12,
    "-10,0,-3": 12,
    "-10,0,-30": 12,
    "-10,0,-31": 12,
    "-10,0,-32": 12,
    "-10,0,-33": 9,
    "-10,0,-34": 9,
    "-10,0,-4": 12,
    "-10,0,-5": 12,
    "-10,0,-6": 12,
    "-10,0,-7": 12,
    "-10,0,-8": 12,
    "-10,0,-9": 12,
    "-10,0,0": 12,
    "-10,0,1": 12,
    "-10,0,10": 12,
    "-10,0,11": 12,
    "-10,0,12": 12,
    "-10,0,13": 12,
    "-10,0,14": 12,
    "-10,0,15": 12,
    "-10,0,2": 12,
    "-10,0,3": 12,
    "-10,0,4": 12,
    "-10,0,5": 12,
    "-10,0,6": 12,
    "-10,0,7": 12,
    "-10,0,8": 12,
    "-10,0,9": 12,
    "-10,1,-31": 9,
    "-10,1,-32": 9,
    "-10,1,-34": 9,
    "-10,2,-32": 9,
    "-10,2,-33": 9,
    "-10,2,-34": 9,
    "-10,3,-33": 9,
    "-10,3,-34": 9,
    "-10,4,-34": 9,
    "-11,0,-1": 12,
    "-11,0,-10": 12,
    "-11,0,-11": 12,
    "-11,0,-12": 12,
    "-11,0,-13": 12,
    "-11,0,-14": 12,
    "-11,0,-15": 12,
    "-11,0,-16": 12,
    "-11,0,-17": 12,
    "-11,0,-18": 12,
    "-11,0,-19": 12,
    "-11,0,-2": 12,
    "-11,0,-20": 12,
    "-11,0,-21": 12,
    "-11,0,-22": 12,
    "-11,0,-23": 12,
    "-11,0,-24": 12,
    "-11,0,-25": 12,
    "-11,0,-26": 12,
    "-11,0,-27": 12,
    "-11,0,-28": 12,
    "-11,0,-29": 12,
    "-11,0,-3": 12,
    "-11,0,-30": 12,
    "-11,0,-31": 12,
    "-11,0,-32": 12,
    "-11,0,-34": 9,
    "-11,0,-4": 12,
    "-11,0,-5": 12,
    "-11,0,-6": 12,
    "-11,0,-7": 12,
    "-11,0,-8": 12,
    "-11,0,-9": 12,
    "-11,0,0": 12,
    "-11,0,1": 12,
    "-11,0,10": 12,
    "-11,0,11": 12,
    "-11,0,12": 12,
    "-11,0,13": 12,
    "-11,0,14": 12,
    "-11,0,15": 12,
    "-11,0,2": 12,
    "-11,0,3": 12,
    "-11,0,4": 12,
    "-11,0,5": 12,
    "-11,0,6": 12,
    "-11,0,7": 12,
    "-11,0,8": 12,
    "-11,0,9": 12,
    "-11,1,-31": 9,
    "-11,1,-32": 9,
    "-11,1,-34": 9,
    "-11,2,-32": 9,
    "-11,2,-33": 9,
    "-11,2,-34": 9,
    "-11,3,-33": 9,
    "-11,3,-34": 9,
    "-11,4,-34": 9,
    "-12,0,-1": 12,
    "-12,0,-10": 12,
    "-12,0,-11": 12,
    "-12,0,-12": 12,
    "-12,0,-13": 12,
    "-12,0,-14": 12,
    "-12,0,-15": 12,
    "-12,0,-16": 12,
    "-12,0,-17": 12,
    "-12,0,-18": 12,
    "-12,0,-19": 12,
    "-12,0,-2": 12,
    "-12,0,-20": 12,
    "-12,0,-21": 12,
    "-12,0,-22": 12,
    "-12,0,-23": 12,
    "-12,0,-24": 12,
    "-12,0,-25": 12,
    "-12,0,-26": 12,
    "-12,0,-27": 12,
    "-12,0,-28": 12,
    "-12,0,-29": 12,
    "-12,0,-3": 12,
    "-12,0,-30": 12,
    "-12,0,-31": 12,
    "-12,0,-32": 12,
    "-12,0,-33": 12,
    "-12,0,-34": 12,
    "-12,0,-4": 12,
    "-12,0,-5": 12,
    "-12,0,-6": 12,
    "-12,0,-7": 12,
    "-12,0,-8": 12,
    "-12,0,-9": 12,
    "-12,0,0": 12,
    "-12,0,1": 12,
    "-12,0,10": 12,
    "-12,0,11": 12,
    "-12,0,12": 12,
    "-12,0,13": 12,
    "-12,0,14": 12,
    "-12,0,15": 12,
    "-12,0,2": 12,
    "-12,0,3": 12,
    "-12,0,4": 12,
    "-12,0,5": 12,
    "-12,0,6": 12,
    "-12,0,7": 12,
    "-12,0,8": 12,
    "-12,0,9": 12,
    "-12,1,-31": 9,
    "-12,1,-32": 9,
    "-12,1,-33": 9,
    "-12,1,-34": 9,
    "-12,2,-32": 9,
    "-12,2,-33": 9,
    "-12,2,-34": 9,
    "-12,3,-33": 9,
    "-12,3,-34": 9,
    "-12,4,-34": 9,
    "-2,0,-1": 12,
    "-2,0,-10": 12,
    "-2,0,-11": 12,
    "-2,0,-12": 12,
    "-2,0,-13": 12,
    "-2,0,-14": 12,
    "-2,0,-15": 12,
    "-2,0,-16": 12,
    "-2,0,-17": 12,
    "-2,0,-18": 12,
    "-2,0,-19": 12,
    "-2,0,-2": 12,
    "-2,0,-20": 12,
    "-2,0,-21": 12,
    "-2,0,-22": 12,
    "-2,0,-23": 12,
    "-2,0,-24": 12,
    "-2,0,-25": 12,
    "-2,0,-26": 12,
    "-2,0,-27": 12,
    "-2,0,-28": 12,
    "-2,0,-29": 12,
    "-2,0,-3": 12,
    "-2,0,-30": 12,
    "-2,0,-31": 12,
    "-2,0,-32": 12,
    "-2,0,-33": 9,
    "-2,0,-34": 9,
    "-2,0,-4": 12,
    "-2,0,-5": 12,
    "-2,0,-6": 12,
    "-2,0,-7": 12,
    "-2,0,-8": 12,
    "-2,0,-9": 12,
    "-2,0,0": 12,
    "-2,0,1": 12,
    "-2,0,10": 12,
    "-2,0,11": 12,
    "-2,0,12": 12,
    "-2,0,13": 12,
    "-2,0,14": 12,
    "-2,0,15": 12,
    "-2,0,2": 12,
    "-2,0,3": 12,
    "-2,0,4": 12,
    "-2,0,5": 12,
    "-2,0,6": 12,
    "-2,0,7": 12,
    "-2,0,8": 12,
    "-2,0,9": 12,
    "-2,1,-31": 9,
    "-2,1,-32": 9,
    "-2,1,-33": 9,
    "-2,1,-34": 9,
    "-2,2,-32": 9,
    "-2,2,-33": 9,
    "-2,2,-34": 9,
    "-2,3,-33": 9,
    "-2,3,-34": 9,
    "-2,4,-34": 9,
    "-3,0,-1": 12,
    "-3,0,-10": 12,
    "-3,0,-11": 12,
    "-3,0,-12": 12,
    "-3,0,-13": 12,
    "-3,0,-14": 12,
    "-3,0,-15": 12,
    "-3,0,-16": 12,
    "-3,0,-17": 12,
    "-3,0,-18": 12,
    "-3,0,-19": 12,
    "-3,0,-2": 12,
    "-3,0,-20": 12,
    "-3,0,-21": 12,
    "-3,0,-22": 12,
    "-3,0,-23": 12,
    "-3,0,-24": 12,
    "-3,0,-25": 12,
    "-3,0,-26": 12,
    "-3,0,-27": 12,
    "-3,0,-28": 12,
    "-3,0,-29": 12,
    "-3,0,-3": 12,
    "-3,0,-30": 12,
    "-3,0,-31": 12,
    "-3,0,-32": 12,
    "-3,0,-33": 9,
    "-3,0,-34": 9,
    "-3,0,-4": 12,
    "-3,0,-5": 12,
    "-3,0,-6": 12,
    "-3,0,-7": 12,
    "-3,0,-8": 12,
    "-3,0,-9": 12,
    "-3,0,0": 12,
    "-3,0,1": 12,
    "-3,0,10": 12,
    "-3,0,11": 12,
    "-3,0,12": 12,
    "-3,0,13": 12,
    "-3,0,14": 12,
    "-3,0,15": 12,
    "-3,0,2": 12,
    "-3,0,3": 12,
    "-3,0,4": 12,
    "-3,0,5": 12,
    "-3,0,6": 12,
    "-3,0,7": 12,
    "-3,0,8": 12,
    "-3,0,9": 12,
    "-3,1,-31": 9,
    "-3,1,-32": 9,
    "-3,1,-33": 9,
    "-3,1,-34": 9,
    "-3,2,-32": 9,
    "-3,2,-33": 9,
    "-3,2,-34": 9,
    "-3,3,-33": 9,
    "-3,3,-34": 9,
    "-3,4,-34": 9,
    "-4,0,-1": 12,
    "-4,0,-10": 12,
    "-4,0,-11": 12,
    "-4,0,-12": 12,
    "-4,0,-13": 12,
    "-4,0,-14": 12,
    "-4,0,-15": 12,
    "-4,0,-16": 12,
    "-4,0,-17": 12,
    "-4,0,-18": 12,
    "-4,0,-19": 12,
    "-4,0,-2": 12,
    "-4,0,-20": 12,
    "-4,0,-21": 12,
    "-4,0,-22": 12,
    "-4,0,-23": 12,
    "-4,0,-24": 12,
    "-4,0,-25": 12,
    "-4,0,-26": 12,
    "-4,0,-27": 12,
    "-4,0,-28": 12,
    "-4,0,-29": 12,
    "-4,0,-3": 12,
    "-4,0,-30": 12,
    "-4,0,-31": 12,
    "-4,0,-32": 12,
    "-4,0,-33": 9,
    "-4,0,-34": 9,
    "-4,0,-4": 12,
    "-4,0,-5": 12,
    "-4,0,-6": 12,
    "-4,0,-7": 12,
    "-4,0,-8": 12,
    "-4,0,-9": 12,
    "-4,0,0": 12,
    "-4,0,1": 12,
    "-4,0,10": 12,
    "-4,0,11": 12,
    "-4,0,12": 12,
    "-4,0,13": 12,
    "-4,0,14": 12,
    "-4,0,15": 12,
    "-4,0,2": 12,
    "-4,0,3": 12,
    "-4,0,4": 12,
    "-4,0,5": 12,
    "-4,0,6": 12,
    "-4,0,7": 12,
    "-4,0,8": 12,
    "-4,0,9": 12,
    "-4,1,-31": 9,
    "-4,1,-32": 9,
    "-4,1,-33": 9,
    "-4,1,-34": 9,
    "-4,2,-32": 9,
    "-4,2,-33": 9,
    "-4,2,-34": 9,
    "-4,3,-33": 9,
    "-4,3,-34": 9,
    "-4,4,-34": 9,
    "-5,0,-1": 12,
    "-5,0,-10": 12,
    "-5,0,-11": 12,
    "-5,0,-12": 12,
    "-5,0,-13": 12,
    "-5,0,-14": 12,
    "-5,0,-15": 12,
    "-5,0,-16": 12,
    "-5,0,-17": 12,
    "-5,0,-18": 12,
    "-5,0,-19": 12,
    "-5,0,-2": 12,
    "-5,0,-20": 12,
    "-5,0,-21": 12,
    "-5,0,-22": 12,
    "-5,0,-23": 12,
    "-5,0,-24": 12,
    "-5,0,-25": 12,
    "-5,0,-26": 12,
    "-5,0,-27": 12,
    "-5,0,-28": 12,
    "-5,0,-29": 12,
    "-5,0,-3": 12,
    "-5,0,-30": 12,
    "-5,0,-31": 12,
    "-5,0,-32": 12,
    "-5,0,-33": 9,
    "-5,0,-34": 9,
    "-5,0,-4": 12,
    "-5,0,-5": 12,
    "-5,0,-6": 12,
    "-5,0,-7": 12,
    "-5,0,-8": 12,
    "-5,0,-9": 12,
    "-5,0,0": 12,
    "-5,0,1": 12,
    "-5,0,10": 12,
    "-5,0,11": 12,
    "-5,0,12": 12,
    "-5,0,13": 12,
    "-5,0,14": 12,
    "-5,0,15": 12,
    "-5,0,2": 12,
    "-5,0,3": 12,
    "-5,0,4": 12,
    "-5,0,5": 12,
    "-5,0,6": 12,
    "-5,0,7": 12,
    "-5,0,8": 12,
    "-5,0,9": 12,
    "-5,1,-31": 9,
    "-5,1,-32": 9,
    "-5,1,-33": 9,
    "-5,1,-34": 9,
    "-5,2,-32": 9,
    "-5,2,-33": 9,
    "-5,2,-34": 9,
    "-5,3,-33": 9,
    "-5,3,-34": 9,
    "-5,4,-34": 9,
    "-6,0,-1": 12,
    "-6,0,-10": 12,
    "-6,0,-11": 12,
    "-6,0,-12": 12,
    "-6,0,-13": 12,
    "-6,0,-14": 12,
    "-6,0,-15": 12,
    "-6,0,-16": 12,
    "-6,0,-17": 12,
    "-6,0,-18": 12,
    "-6,0,-19": 12,
    "-6,0,-2": 12,
    "-6,0,-20": 12,
    "-6,0,-21": 12,
    "-6,0,-22": 12,
    "-6,0,-23": 12,
    "-6,0,-24": 12,
    "-6,0,-25": 12,
    "-6,0,-26": 12,
    "-6,0,-27": 12,
    "-6,0,-28": 12,
    "-6,0,-29": 12,
    "-6,0,-3": 12,
    "-6,0,-30": 12,
    "-6,0,-31": 12,
    "-6,0,-32": 12,
    "-6,0,-33": 9,
    "-6,0,-34": 9,
    "-6,0,-4": 12,
    "-6,0,-5": 12,
    "-6,0,-6": 12,
    "-6,0,-7": 12,
    "-6,0,-8": 12,
    "-6,0,-9": 12,
    "-6,0,0": 12,
    "-6,0,1": 12,
    "-6,0,10": 12,
    "-6,0,11": 12,
    "-6,0,12": 12,
    "-6,0,13": 12,
    "-6,0,14": 12,
    "-6,0,15": 12,
    "-6,0,2": 12,
    "-6,0,3": 12,
    "-6,0,4": 12,
    "-6,0,5": 12,
    "-6,0,6": 12,
    "-6,0,7": 12,
    "-6,0,8": 12,
    "-6,0,9": 12,
    "-6,1,-31": 9,
    "-6,1,-32": 9,
    "-6,1,-33": 9,
    "-6,1,-34": 9,
    "-6,2,-32": 9,
    "-6,2,-33": 9,
    "-6,2,-34": 9,
    "-6,3,-33": 9,
    "-6,3,-34": 9,
    "-6,4,-34": 9,
    "-7,0,-1": 12,
    "-7,0,-10": 12,
    "-7,0,-11": 12,
    "-7,0,-12": 12,
    "-7,0,-13": 12,
    "-7,0,-14": 12,
    "-7,0,-15": 12,
    "-7,0,-16": 12,
    "-7,0,-17": 12,
    "-7,0,-18": 12,
    "-7,0,-19": 12,
    "-7,0,-2": 12,
    "-7,0,-20": 12,
    "-7,0,-21": 12,
    "-7,0,-22": 12,
    "-7,0,-23": 12,
    "-7,0,-24": 12,
    "-7,0,-25": 12,
    "-7,0,-26": 12,
    "-7,0,-27": 12,
    "-7,0,-28": 12,
    "-7,0,-29": 12,
    "-7,0,-3": 12,
    "-7,0,-30": 12,
    "-7,0,-31": 12,
    "-7,0,-32": 12,
    "-7,0,-33": 9,
    "-7,0,-34": 9,
    "-7,0,-4": 12,
    "-7,0,-5": 12,
    "-7,0,-6": 12,
    "-7,0,-7": 12,
    "-7,0,-8": 12,
    "-7,0,-9": 12,
    "-7,0,0": 12,
    "-7,0,1": 12,
    "-7,0,10": 12,
    "-7,0,11": 12,
    "-7,0,12": 12,
    "-7,0,13": 12,
    "-7,0,14": 12,
    "-7,0,15": 12,
    "-7,0,2": 12,
    "-7,0,3": 12,
    "-7,0,4": 12,
    "-7,0,5": 12,
    "-7,0,6": 12,
    "-7,0,7": 12,
    "-7,0,8": 12,
    "-7,0,9": 12,
    "-7,1,-31": 9,
    "-7,1,-32": 9,
    "-7,1,-33": 9,
    "-7,1,-34": 9,
    "-7,2,-32": 9,
    "-7,2,-33": 9,
    "-7,2,-34": 9,
    "-7,3,-33": 9,
    "-7,3,-34": 9,
    "-7,4,-34": 9,
    "-8,0,-1": 12,
    "-8,0,-10": 12,
    "-8,0,-11": 12,
    "-8,0,-12": 12,
    "-8,0,-13": 12,
    "-8,0,-14": 12,
    "-8,0,-15": 12,
    "-8,0,-16": 12,
    "-8,0,-17": 12,
    "-8,0,-18": 12,
    "-8,0,-19": 12,
    "-8,0,-2": 12,
    "-8,0,-20": 12,
    "-8,0,-21": 12,
    "-8,0,-22": 12,
    "-8,0,-23": 12,
    "-8,0,-24": 12,
    "-8,0,-25": 12,
    "-8,0,-26": 12,
    "-8,0,-27": 12,
    "-8,0,-28": 12,
    "-8,0,-29": 12,
    "-8,0,-3": 12,
    "-8,0,-30": 12,
    "-8,0,-31": 12,
    "-8,0,-32": 12,
    "-8,0,-33": 9,
    "-8,0,-34": 9,
    "-8,0,-4": 12,
    "-8,0,-5": 12,
    "-8,0,-6": 12,
    "-8,0,-7": 12,
    "-8,0,-8": 12,
    "-8,0,-9": 12,
    "-8,0,0": 12,
    "-8,0,1": 12,
    "-8,0,10": 12,
    "-8,0,11": 12,
    "-8,0,12": 12,
    "-8,0,13": 12,
    "-8,0,14": 12,
    "-8,0,15": 12,
    "-8,0,2": 12,
    "-8,0,3": 12,
    "-8,0,4": 12,
    "-8,0,5": 12,
    "-8,0,6": 12,
    "-8,0,7": 12,
    "-8,0,8": 12,
    "-8,0,9": 12,
    "-8,1,-31": 9,
    "-8,1,-32": 9,
    "-8,1,-33": 9,
    "-8,1,-34": 9,
    "-8,2,-32": 9,
    "-8,2,-33": 9,
    "-8,2,-34": 9,
    "-8,3,-33": 9,
    "-8,3,-34": 9,
    "-8,4,-34": 9,
    "-9,0,-1": 12,
    "-9,0,-10": 12,
    "-9,0,-11": 12,
    "-9,0,-12": 12,
    "-9,0,-13": 12,
    "-9,0,-14": 12,
    "-9,0,-15": 12,
    "-9,0,-16": 12,
    "-9,0,-17": 12,
    "-9,0,-18": 12,
    "-9,0,-19": 12,
    "-9,0,-2": 12,
    "-9,0,-20": 12,
    "-9,0,-21": 12,
    "-9,0,-22": 12,
    "-9,0,-23": 12,
    "-9,0,-24": 12,
    "-9,0,-25": 12,
    "-9,0,-26": 12,
    "-9,0,-27": 12,
    "-9,0,-28": 12,
    "-9,0,-29": 12,
    "-9,0,-3": 12,
    "-9,0,-30": 12,
    "-9,0,-31": 12,
    "-9,0,-32": 12,
    "-9,0,-33": 9,
    "-9,0,-34": 9,
    "-9,0,-4": 12,
    "-9,0,-5": 12,
    "-9,0,-6": 12,
    "-9,0,-7": 12,
    "-9,0,-8": 12,
    "-9,0,-9": 12,
    "-9,0,0": 12,
    "-9,0,1": 12,
    "-9,0,10": 12,
    "-9,0,11": 12,
    "-9,0,12": 12,
    "-9,0,13": 12,
    "-9,0,14": 12,
    "-9,0,15": 12,
    "-9,0,2": 12,
    "-9,0,3": 12,
    "-9,0,4": 12,
    "-9,0,5": 12,
    "-9,0,6": 12,
    "-9,0,7": 12,
    "-9,0,8": 12,
    "-9,0,9": 12,
    "-9,1,-31": 9,
    "-9,1,-32": 9,
    "-9,1,-33": 9,
    "-9,1,-34": 9,
    "-9,2,-32": 9,
    "-9,2,-33": 9,
    "-9,2,-34": 9,
    "-9,3,-33": 9,
    "-9,3,-34": 9,
    "-9,4,-34": 9,
    "0,0,-1": 12,
    "0,0,-10": 12,
    "0,0,-11": 12,
    "0,0,-12": 12,
    "0,0,-13": 12,
    "0,0,-14": 12,
    "0,0,-15": 12,
    "0,0,-16": 12,
    "0,0,-17": 12,
    "0,0,-18": 12,
    "0,0,-19": 12,
    "0,0,-2": 12,
    "0,0,-20": 12,
    "0,0,-21": 12,
    "0,0,-22": 12,
    "0,0,-23": 12,
    "0,0,-24": 12,
    "0,0,-25": 12,
    "0,0,-26": 12,
    "0,0,-27": 12,
    "0,0,-28": 12,
    "0,0,-29": 12,
    "0,0,-3": 12,
    "0,0,-30": 12,
    "0,0,-31": 12,
    "0,0,-32": 12,
    "0,0,-33": 9,
    "0,0,-34": 9,
    "0,0,-4": 12,
    "0,0,-5": 12,
    "0,0,-6": 12,
    "0,0,-7": 12,
    "0,0,-8": 12,
    "0,0,-9": 12,
    "0,0,0": 12,
    "0,0,1": 12,
    "0,0,10": 12,
    "0,0,11": 12,
    "0,0,12": 12,
    "0,0,13": 12,
    "0,0,14": 12,
    "0,0,15": 12,
    "0,0,2": 12,
    "0,0,3": 12,
    "0,0,4": 12,
    "0,0,5": 12,
    "0,0,6": 12,
    "0,0,7": 12,
    "0,0,8": 12,
    "0,0,9": 12,
    "0,1,-31": 9,
    "0,1,-32": 9,
    "0,1,-33": 9,
    "0,1,-34": 9,
    "0,2,-32": 9,
    "0,2,-33": 9,
    "0,2,-34": 9,
    "0,3,-33": 9,
    "0,3,-34": 9,
    "0,4,-34": 9,
    "1,0,-10": 1,
    "1,0,-11": 1,
    "1,0,-13": 12,
    "1,0,-14": 12,
    "1,0,-15": 12,
    "1,0,-16": 12,
    "1,0,-17": 12,
    "1,0,-18": 12,
    "1,0,-19": 12,
    "1,0,-20": 12,
    "1,0,-21": 12,
    "1,0,-22": 12,
    "1,0,-23": 12,
    "1,0,-24": 12,
    "1,0,-25": 12,
    "1,0,-26": 12,
    "1,0,-27": 12,
    "1,0,-28": 12,
    "1,0,-29": 12,
    "1,0,-30": 12,
    "1,0,-31": 12,
    "1,0,-32": 12,
    "1,0,-33": 9,
    "1,0,-34": 9,
    "1,0,-5": 1,
    "1,0,-7": 1,
    "1,0,-8": 1,
    "1,0,-9": 1,
    "1,0,0": 1,
    "1,0,1": 1,
    "1,0,10": 12,
    "1,0,11": 12,
    "1,0,12": 12,
    "1,0,13": 12,
    "1,0,14": 12,
    "1,0,15": 12,
    "1,0,2": 1,
    "1,0,3": 12,
    "1,0,4": 12,
    "1,0,5": 12,
    "1,0,6": 12,
    "1,0,7": 12,
    "1,0,8": 12,
    "1,0,9": 12,
    "1,1,-1": 9,
    "1,1,-10": 9,
    "1,1,-11": 9,
    "1,1,-12": 9,
    "1,1,-2": 9,
    "1,1,-3": 9,
    "1,1,-31": 9,
    "1,1,-32": 9,
    "1,1,-33": 9,
    "1,1,-34": 9,
    "1,1,-4": 9,
    "1,1,-5": 9,
    "1,1,-6": 9,
    "1,1,-7": 9,
    "1,1,-8": 9,
    "1,1,-9": 9,
    "1,1,0": 9,
    "1,1,1": 9,
    "1,1,2": 9,
    "1,10,2": 5,
    "1,11,2": 5,
    "1,2,-32": 9,
    "1,2,-33": 9,
    "1,2,-34": 9,
    "1,2,2": 11,
    "1,3,-33": 9,
    "1,3,-34": 9,
    "1,3,2": 4,
    "1,4,-34": 9,
    "1,4,2": 5,
    "1,5,2": 5,
    "1,6,2": 5,
    "1,7,2": 5,
    "1,8,2": 5,
    "1,9,2": 5,
    "10,0,-1": 1,
    "10,0,-10": 1,
    "10,0,-11": 1,
    "10,0,-13": 12,
    "10,0,-14": 12,
    "10,0,-15": 12,
    "10,0,-16": 12,
    "10,0,-17": 12,
    "10,0,-18": 12,
    "10,0,-19": 12,
    "10,0,-2": 1,
    "10,0,-20": 12,
    "10,0,-21": 12,
    "10,0,-22": 12,
    "10,0,-23": 12,
    "10,0,-24": 12,
    "10,0,-25": 12,
    "10,0,-26": 12,
    "10,0,-27": 12,
    "10,0,-28": 12,
    "10,0,-29": 12,
    "10,0,-3": 1,
    "10,0,-30": 12,
    "10,0,-31": 12,
    "10,0,-32": 12,
    "10,0,-33": 9,
    "10,0,-34": 9,
    "10,0,-4": 1,
    "10,0,-5": 1,
    "10,0,-6": 1,
    "10,0,-7": 1,
    "10,0,-8": 1,
    "10,0,-9": 1,
    "10,0,0": 1,
    "10,0,1": 1,
    "10,0,10": 12,
    "10,0,11": 12,
    "10,0,12": 12,
    "10,0,13": 12,
    "10,0,14": 12,
    "10,0,15": 12,
    "10,0,2": 1,
    "10,0,3": 12,
    "10,0,4": 12,
    "10,0,5": 12,
    "10,0,6": 12,
    "10,0,7": 12,
    "10,0,8": 12,
    "10,0,9": 12,
    "10,1,-1": 9,
    "10,1,-10": 9,
    "10,1,-11": 9,
    "10,1,-12": 9,
    "10,1,-2": 9,
    "10,1,-3": 9,
    "10,1,-31": 9,
    "10,1,-32": 9,
    "10,1,-33": 9,
    "10,1,-34": 9,
    "10,1,-4": 9,
    "10,1,-5": 9,
    "10,1,-6": 9,
    "10,1,-7": 9,
    "10,1,-8": 9,
    "10,1,-9": 9,
    "10,1,0": 9,
    "10,1,1": 9,
    "10,1,2": 9,
    "10,11,2": 5,
    "10,2,-32": 9,
    "10,2,-33": 9,
    "10,2,-34": 9,
    "10,2,2": 11,
    "10,3,-33": 9,
    "10,3,-34": 9,
    "10,3,2": 4,
    "10,4,-34": 9,
    "10,4,2": 5,
    "10,5,2": 5,
    "10,6,2": 5,
    "10,7,2": 5,
    "10,8,2": 5,
    "10,9,2": 5,
    "11,0,-1": 1,
    "11,0,-10": 1,
    "11,0,-11": 1,
    "11,0,-13": 12,
    "11,0,-14": 12,
    "11,0,-15": 12,
    "11,0,-16": 12,
    "11,0,-17": 12,
    "11,0,-18": 12,
    "11,0,-19": 12,
    "11,0,-2": 1,
    "11,0,-20": 12,
    "11,0,-21": 12,
    "11,0,-22": 12,
    "11,0,-23": 12,
    "11,0,-24": 12,
    "11,0,-25": 12,
    "11,0,-26": 12,
    "11,0,-27": 12,
    "11,0,-28": 12,
    "11,0,-29": 12,
    "11,0,-3": 1,
    "11,0,-30": 12,
    "11,0,-31": 12,
    "11,0,-32": 12,
    "11,0,-33": 9,
    "11,0,-34": 9,
    "11,0,-4": 1,
    "11,0,-5": 1,
    "11,0,-6": 1,
    "11,0,-7": 1,
    "11,0,-8": 1,
    "11,0,-9": 1,
    "11,0,0": 1,
    "11,0,1": 1,
    "11,0,10": 12,
    "11,0,11": 12,
    "11,0,12": 12,
    "11,0,13": 12,
    "11,0,14": 12,
    "11,0,15": 12,
    "11,0,3": 12,
    "11,0,4": 12,
    "11,0,5": 12,
    "11,0,6": 12,
    "11,0,7": 12,
    "11,0,8": 12,
    "11,0,9": 12,
    "11,1,-1": 9,
    "11,1,-10": 9,
    "11,1,-11": 9,
    "11,1,-12": 9,
    "11,1,-2": 9,
    "11,1,-3": 9,
    "11,1,-31": 9,
    "11,1,-32": 9,
    "11,1,-33": 9,
    "11,1,-34": 9,
    "11,1,-4": 9,
    "11,1,-5": 9,
    "11,1,-6": 9,
    "11,1,-7": 9,
    "11,1,-8": 9,
    "11,1,-9": 9,
    "11,1,0": 9,
    "11,1,1": 9,
    "11,1,2": 9,
    "11,11,2": 5,
    "11,2,-32": 9,
    "11,2,-33": 9,
    "11,2,-34": 9,
    "11,2,2": 11,
    "11,3,-33": 9,
    "11,3,-34": 9,
    "11,3,2": 4,
    "11,4,-34": 9,
    "11,4,2": 5,
    "11,5,2": 5,
    "11,6,2": 5,
    "11,7,2": 5,
    "11,8,2": 5,
    "11,9,2": 5,
    "12,0,-1": 1,
    "12,0,-10": 1,
    "12,0,-11": 1,
    "12,0,-12": 1,
    "12,0,-13": 12,
    "12,0,-14": 12,
    "12,0,-15": 12,
    "12,0,-16": 12,
    "12,0,-17": 12,
    "12,0,-18": 12,
    "12,0,-19": 12,
    "12,0,-2": 1,
    "12,0,-20": 12,
    "12,0,-21": 12,
    "12,0,-22": 12,
    "12,0,-23": 12,
    "12,0,-24": 12,
    "12,0,-25": 12,
    "12,0,-26": 12,
    "12,0,-27": 12,
    "12,0,-28": 12,
    "12,0,-29": 12,
    "12,0,-3": 1,
    "12,0,-30": 12,
    "12,0,-31": 12,
    "12,0,-32": 12,
    "12,0,-33": 9,
    "12,0,-34": 9,
    "12,0,-4": 1,
    "12,0,-5": 1,
    "12,0,-6": 1,
    "12,0,-7": 1,
    "12,0,-8": 1,
    "12,0,-9": 1,
    "12,0,0": 1,
    "12,0,1": 1,
    "12,0,10": 12,
    "12,0,11": 12,
    "12,0,12": 12,
    "12,0,13": 12,
    "12,0,14": 12,
    "12,0,15": 12,
    "12,0,2": 1,
    "12,0,3": 12,
    "12,0,4": 12,
    "12,0,5": 12,
    "12,0,6": 12,
    "12,0,7": 12,
    "12,0,8": 12,
    "12,0,9": 12,
    "12,1,-1": 9,
    "12,1,-10": 9,
    "12,1,-11": 9,
    "12,1,-12": 9,
    "12,1,-2": 9,
    "12,1,-3": 9,
    "12,1,-31": 9,
    "12,1,-32": 9,
    "12,1,-33": 9,
    "12,1,-34": 9,
    "12,1,-4": 9,
    "12,1,-5": 9,
    "12,1,-6": 9,
    "12,1,-7": 9,
    "12,1,-8": 9,
    "12,1,-9": 9,
    "12,1,0": 9,
    "12,1,1": 9,
    "12,1,2": 9,
    "12,11,2": 5,
    "12,2,-32": 9,
    "12,2,-33": 9,
    "12,2,-34": 9,
    "12,2,2": 11,
    "12,3,-33": 9,
    "12,3,-34": 9,
    "12,3,2": 4,
    "12,4,-34": 9,
    "12,4,2": 5,
    "12,5,2": 5,
    "12,6,2": 5,
    "12,7,2": 5,
    "12,8,2": 5,
    "12,9,2": 5,
    "13,0,-1": 1,
    "13,0,-10": 1,
    "13,0,-11": 1,
    "13,0,-12": 1,
    "13,0,-13": 12,
    "13,0,-14": 12,
    "13,0,-15": 12,
    "13,0,-16": 12,
    "13,0,-17": 12,
    "13,0,-18": 12,
    "13,0,-19": 12,
    "13,0,-2": 1,
    "13,0,-20": 12,
    "13,0,-21": 12,
    "13,0,-22": 12,
    "13,0,-23": 12,
    "13,0,-24": 12,
    "13,0,-25": 12,
    "13,0,-26": 12,
    "13,0,-27": 12,
    "13,0,-28": 12,
    "13,0,-29": 12,
    "13,0,-3": 1,
    "13,0,-30": 12,
    "13,0,-31": 12,
    "13,0,-32": 12,
    "13,0,-33": 9,
    "13,0,-34": 9,
    "13,0,-4": 1,
    "13,0,-5": 1,
    "13,0,-6": 1,
    "13,0,-7": 1,
    "13,0,-8": 1,
    "13,0,-9": 1,
    "13,0,0": 1,
    "13,0,1": 1,
    "13,0,10": 12,
    "13,0,11": 12,
    "13,0,12": 12,
    "13,0,13": 12,
    "13,0,14": 12,
    "13,0,15": 12,
    "13,0,2": 1,
    "13,0,3": 12,
    "13,0,4": 12,
    "13,0,5": 12,
    "13,0,6": 12,
    "13,0,7": 12,
    "13,0,8": 12,
    "13,0,9": 12,
    "13,1,-1": 9,
    "13,1,-10": 9,
    "13,1,-11": 9,
    "13,1,-12": 9,
    "13,1,-2": 9,
    "13,1,-3": 9,
    "13,1,-31": 9,
    "13,1,-32": 9,
    "13,1,-33": 9,
    "13,1,-34": 9,
    "13,1,-4": 9,
    "13,1,-5": 9,
    "13,1,-6": 9,
    "13,1,-7": 9,
    "13,1,-8": 9,
    "13,1,-9": 9,
    "13,1,0": 9,
    "13,1,1": 9,
    "13,1,2": 9,
    "13,11,2": 5,
    "13,2,-32": 9,
    "13,2,-33": 9,
    "13,2,-34": 9,
    "13,2,2": 11,
    "13,3,-33": 9,
    "13,3,-34": 9,
    "13,3,2": 4,
    "13,4,-34": 9,
    "14,0,-1": 1,
    "14,0,-10": 1,
    "14,0,-11": 1,
    "14,0,-12": 1,
    "14,0,-13": 12,
    "14,0,-14": 12,
    "14,0,-15": 12,
    "14,0,-16": 12,
    "14,0,-17": 12,
    "14,0,-18": 12,
    "14,0,-19": 12,
    "14,0,-2": 1,
    "14,0,-20": 12,
    "14,0,-21": 12,
    "14,0,-22": 12,
    "14,0,-23": 12,
    "14,0,-24": 12,
    "14,0,-25": 12,
    "14,0,-26": 12,
    "14,0,-27": 12,
    "14,0,-28": 12,
    "14,0,-29": 12,
    "14,0,-3": 1,
    "14,0,-30": 12,
    "14,0,-31": 12,
    "14,0,-32": 12,
    "14,0,-33": 9,
    "14,0,-34": 9,
    "14,0,-4": 1,
    "14,0,-5": 1,
    "14,0,-6": 1,
    "14,0,-7": 1,
    "14,0,-8": 1,
    "14,0,-9": 1,
    "14,0,0": 1,
    "14,0,1": 1,
    "14,0,10": 12,
    "14,0,11": 12,
    "14,0,12": 12,
    "14,0,13": 12,
    "14,0,14": 12,
    "14,0,15": 12,
    "14,0,2": 1,
    "14,0,3": 12,
    "14,0,4": 12,
    "14,0,5": 12,
    "14,0,6": 12,
    "14,0,7": 12,
    "14,0,8": 12,
    "14,0,9": 12,
    "14,1,-1": 9,
    "14,1,-10": 9,
    "14,1,-11": 9,
    "14,1,-12": 9,
    "14,1,-2": 9,
    "14,1,-3": 9,
    "14,1,-31": 9,
    "14,1,-32": 9,
    "14,1,-34": 9,
    "14,1,-4": 9,
    "14,1,-5": 9,
    "14,1,-6": 9,
    "14,1,-7": 9,
    "14,1,-8": 9,
    "14,1,-9": 9,
    "14,1,0": 9,
    "14,1,1": 9,
    "14,1,2": 9,
    "14,11,2": 5,
    "14,2,-10": 8,
    "14,2,-32": 9,
    "14,2,-33": 9,
    "14,2,-34": 9,
    "14,2,-9": 8,
    "14,2,2": 11,
    "14,3,-33": 9,
    "14,3,-34": 9,
    "14,3,-9": 8,
    "14,3,2": 4,
    "14,4,-34": 9,
    "15,0,-1": 1,
    "15,0,-10": 1,
    "15,0,-11": 1,
    "15,0,-12": 1,
    "15,0,-13": 12,
    "15,0,-14": 12,
    "15,0,-15": 12,
    "15,0,-16": 12,
    "15,0,-17": 12,
    "15,0,-18": 12,
    "15,0,-19": 12,
    "15,0,-2": 1,
    "15,0,-20": 12,
    "15,0,-21": 12,
    "15,0,-22": 12,
    "15,0,-23": 12,
    "15,0,-24": 12,
    "15,0,-25": 12,
    "15,0,-26": 12,
    "15,0,-27": 12,
    "15,0,-28": 12,
    "15,0,-29": 12,
    "15,0,-3": 1,
    "15,0,-30": 12,
    "15,0,-31": 12,
    "15,0,-32": 12,
    "15,0,-33": 9,
    "15,0,-34": 9,
    "15,0,-4": 1,
    "15,0,-5": 1,
    "15,0,-6": 1,
    "15,0,-7": 1,
    "15,0,-8": 1,
    "15,0,-9": 1,
    "15,0,0": 1,
    "15,0,1": 1,
    "15,0,10": 12,
    "15,0,11": 12,
    "15,0,12": 12,
    "15,0,13": 12,
    "15,0,14": 12,
    "15,0,15": 12,
    "15,0,2": 1,
    "15,0,3": 12,
    "15,0,4": 12,
    "15,0,5": 12,
    "15,0,6": 12,
    "15,0,7": 12,
    "15,0,8": 12,
    "15,0,9": 12,
    "15,1,-1": 9,
    "15,1,-10": 9,
    "15,1,-11": 9,
    "15,1,-12": 9,
    "15,1,-2": 9,
    "15,1,-3": 9,
    "15,1,-31": 9,
    "15,1,-32": 9,
    "15,1,-33": 9,
    "15,1,-34": 9,
    "15,1,-4": 9,
    "15,1,-5": 9,
    "15,1,-6": 9,
    "15,1,-7": 9,
    "15,1,-8": 9,
    "15,1,-9": 9,
    "15,1,0": 9,
    "15,1,1": 9,
    "15,1,2": 9,
    "15,11,2": 5,
    "15,2,-32": 9,
    "15,2,-33": 9,
    "15,2,-34": 9,
    "15,2,2": 11,
    "15,3,-33": 9,
    "15,3,-34": 9,
    "15,3,2": 4,
    "15,4,-34": 9,
    "16,0,-1": 1,
    "16,0,-10": 1,
    "16,0,-11": 1,
    "16,0,-12": 1,
    "16,0,-13": 12,
    "16,0,-14": 12,
    "16,0,-15": 12,
    "16,0,-16": 12,
    "16,0,-17": 12,
    "16,0,-18": 12,
    "16,0,-19": 12,
    "16,0,-2": 1,
    "16,0,-20": 12,
    "16,0,-21": 12,
    "16,0,-22": 12,
    "16,0,-23": 12,
    "16,0,-24": 12,
    "16,0,-25": 12,
    "16,0,-26": 12,
    "16,0,-27": 12,
    "16,0,-28": 12,
    "16,0,-29": 12,
    "16,0,-3": 1,
    "16,0,-30": 12,
    "16,0,-31": 12,
    "16,0,-32": 12,
    "16,0,-33": 9,
    "16,0,-34": 9,
    "16,0,-4": 1,
    "16,0,-5": 1,
    "16,0,-6": 1,
    "16,0,-7": 1,
    "16,0,-8": 1,
    "16,0,-9": 1,
    "16,0,0": 1,
    "16,0,1": 1,
    "16,0,10": 12,
    "16,0,11": 12,
    "16,0,12": 12,
    "16,0,13": 12,
    "16,0,14": 12,
    "16,0,15": 12,
    "16,0,2": 1,
    "16,0,3": 12,
    "16,0,4": 12,
    "16,0,5": 12,
    "16,0,6": 12,
    "16,0,7": 12,
    "16,0,8": 12,
    "16,0,9": 12,
    "16,1,-1": 9,
    "16,1,-10": 9,
    "16,1,-11": 9,
    "16,1,-12": 9,
    "16,1,-2": 9,
    "16,1,-3": 9,
    "16,1,-31": 9,
    "16,1,-32": 9,
    "16,1,-33": 9,
    "16,1,-34": 9,
    "16,1,-4": 9,
    "16,1,-5": 9,
    "16,1,-6": 9,
    "16,1,-7": 9,
    "16,1,-8": 9,
    "16,1,-9": 9,
    "16,1,0": 9,
    "16,1,1": 9,
    "16,1,2": 9,
    "16,11,2": 5,
    "16,2,-32": 9,
    "16,2,-33": 9,
    "16,2,-34": 9,
    "16,2,2": 11,
    "16,3,-33": 9,
    "16,3,-34": 9,
    "16,3,2": 4,
    "16,4,-34": 9,
    "17,0,-1": 1,
    "17,0,-10": 1,
    "17,0,-11": 1,
    "17,0,-12": 1,
    "17,0,-13": 12,
    "17,0,-14": 12,
    "17,0,-15": 12,
    "17,0,-16": 12,
    "17,0,-17": 12,
    "17,0,-18": 12,
    "17,0,-19": 12,
    "17,0,-2": 1,
    "17,0,-20": 12,
    "17,0,-21": 12,
    "17,0,-22": 12,
    "17,0,-23": 12,
    "17,0,-24": 12,
    "17,0,-25": 12,
    "17,0,-26": 12,
    "17,0,-27": 12,
    "17,0,-28": 12,
    "17,0,-29": 12,
    "17,0,-3": 1,
    "17,0,-30": 12,
    "17,0,-31": 12,
    "17,0,-32": 12,
    "17,0,-33": 9,
    "17,0,-34": 9,
    "17,0,-4": 1,
    "17,0,-5": 1,
    "17,0,-6": 1,
    "17,0,-7": 1,
    "17,0,-8": 1,
    "17,0,-9": 1,
    "17,0,0": 1,
    "17,0,1": 1,
    "17,0,10": 12,
    "17,0,11": 12,
    "17,0,12": 12,
    "17,0,13": 12,
    "17,0,14": 12,
    "17,0,15": 12,
    "17,0,2": 1,
    "17,0,3": 12,
    "17,0,4": 12,
    "17,0,5": 12,
    "17,0,6": 12,
    "17,0,7": 12,
    "17,0,8": 12,
    "17,0,9": 12,
    "17,1,-1": 9,
    "17,1,-10": 9,
    "17,1,-11": 9,
    "17,1,-12": 9,
    "17,1,-2": 9,
    "17,1,-3": 9,
    "17,1,-31": 9,
    "17,1,-32": 9,
    "17,1,-33": 9,
    "17,1,-34": 9,
    "17,1,-4": 9,
    "17,1,-5": 9,
    "17,1,-6": 9,
    "17,1,-7": 9,
    "17,1,-8": 9,
    "17,1,-9": 9,
    "17,1,0": 9,
    "17,1,1": 9,
    "17,1,2": 9,
    "17,10,2": 5,
    "17,11,2": 5,
    "17,2,-32": 9,
    "17,2,-33": 9,
    "17,2,-34": 9,
    "17,2,2": 11,
    "17,3,-33": 9,
    "17,3,-34": 9,
    "17,3,2": 4,
    "17,4,-34": 9,
    "17,4,2": 5,
    "17,5,2": 5,
    "17,6,2": 5,
    "17,7,2": 5,
    "17,8,2": 5,
    "17,9,2": 5,
    "18,0,-1": 12,
    "18,0,-10": 12,
    "18,0,-11": 12,
    "18,0,-12": 12,
    "18,0,-13": 12,
    "18,0,-14": 12,
    "18,0,-15": 12,
    "18,0,-16": 12,
    "18,0,-17": 12,
    "18,0,-18": 12,
    "18,0,-19": 12,
    "18,0,-2": 12,
    "18,0,-20": 12,
    "18,0,-21": 12,
    "18,0,-22": 12,
    "18,0,-23": 12,
    "18,0,-24": 12,
    "18,0,-25": 12,
    "18,0,-26": 12,
    "18,0,-27": 12,
    "18,0,-28": 12,
    "18,0,-29": 12,
    "18,0,-3": 12,
    "18,0,-30": 12,
    "18,0,-31": 12,
    "18,0,-32": 12,
    "18,0,-33": 9,
    "18,0,-34": 9,
    "18,0,-4": 12,
    "18,0,-5": 12,
    "18,0,-6": 12,
    "18,0,-7": 12,
    "18,0,-8": 12,
    "18,0,-9": 12,
    "18,0,0": 12,
    "18,0,1": 12,
    "18,0,10": 12,
    "18,0,11": 12,
    "18,0,12": 12,
    "18,0,13": 12,
    "18,0,14": 12,
    "18,0,15": 12,
    "18,0,2": 12,
    "18,0,3": 12,
    "18,0,4": 12,
    "18,0,5": 12,
    "18,0,6": 12,
    "18,0,7": 12,
    "18,0,8": 12,
    "18,0,9": 12,
    "18,1,-31": 9,
    "18,1,-32": 9,
    "18,1,-33": 9,
    "18,1,-34": 9,
    "18,2,-32": 9,
    "18,2,-33": 9,
    "18,2,-34": 9,
    "18,3,-33": 9,
    "18,3,-34": 9,
    "18,4,-34": 9,
    "19,0,-1": 12,
    "19,0,-10": 12,
    "19,0,-11": 12,
    "19,0,-12": 12,
    "19,0,-13": 12,
    "19,0,-14": 12,
    "19,0,-15": 12,
    "19,0,-16": 12,
    "19,0,-17": 12,
    "19,0,-18": 12,
    "19,0,-19": 12,
    "19,0,-2": 12,
    "19,0,-20": 12,
    "19,0,-21": 12,
    "19,0,-22": 12,
    "19,0,-23": 12,
    "19,0,-24": 12,
    "19,0,-25": 12,
    "19,0,-26": 12,
    "19,0,-27": 12,
    "19,0,-28": 12,
    "19,0,-29": 12,
    "19,0,-3": 12,
    "19,0,-30": 12,
    "19,0,-31": 12,
    "19,0,-32": 12,
    "19,0,-33": 9,
    "19,0,-34": 9,
    "19,0,-4": 12,
    "19,0,-5": 12,
    "19,0,-6": 12,
    "19,0,-7": 12,
    "19,0,-8": 12,
    "19,0,-9": 12,
    "19,0,0": 12,
    "19,0,1": 12,
    "19,0,10": 12,
    "19,0,11": 12,
    "19,0,12": 12,
    "19,0,13": 12,
    "19,0,14": 12,
    "19,0,15": 12,
    "19,0,2": 12,
    "19,0,3": 12,
    "19,0,4": 12,
    "19,0,5": 12,
    "19,0,6": 12,
    "19,0,7": 12,
    "19,0,8": 12,
    "19,0,9": 12,
    "19,1,-31": 9,
    "19,1,-32": 9,
    "19,1,-33": 9,
    "19,1,-34": 9,
    "19,2,-32": 9,
    "19,2,-33": 9,
    "19,2,-34": 9,
    "19,3,-33": 9,
    "19,3,-34": 9,
    "19,4,-34": 9,
    "2,0,-1": 1,
    "2,0,-10": 1,
    "2,0,-11": 1,
    "2,0,-12": 1,
    "2,0,-13": 12,
    "2,0,-14": 12,
    "2,0,-15": 12,
    "2,0,-16": 12,
    "2,0,-17": 12,
    "2,0,-18": 12,
    "2,0,-19": 12,
    "2,0,-2": 1,
    "2,0,-20": 12,
    "2,0,-21": 12,
    "2,0,-22": 12,
    "2,0,-23": 12,
    "2,0,-24": 12,
    "2,0,-25": 12,
    "2,0,-26": 12,
    "2,0,-27": 12,
    "2,0,-28": 12,
    "2,0,-29": 12,
    "2,0,-3": 1,
    "2,0,-30": 12,
    "2,0,-31": 12,
    "2,0,-32": 12,
    "2,0,-33": 9,
    "2,0,-34": 9,
    "2,0,-4": 1,
    "2,0,-5": 1,
    "2,0,-6": 1,
    "2,0,-7": 1,
    "2,0,-8": 1,
    "2,0,-9": 1,
    "2,0,0": 1,
    "2,0,1": 1,
    "2,0,10": 12,
    "2,0,11": 12,
    "2,0,12": 12,
    "2,0,13": 12,
    "2,0,14": 12,
    "2,0,15": 12,
    "2,0,2": 1,
    "2,0,3": 12,
    "2,0,4": 12,
    "2,0,5": 12,
    "2,0,6": 12,
    "2,0,7": 12,
    "2,0,8": 12,
    "2,0,9": 12,
    "2,1,-1": 9,
    "2,1,-10": 9,
    "2,1,-11": 9,
    "2,1,-12": 9,
    "2,1,-2": 9,
    "2,1,-3": 9,
    "2,1,-31": 9,
    "2,1,-32": 9,
    "2,1,-33": 9,
    "2,1,-34": 9,
    "2,1,-4": 9,
    "2,1,-5": 9,
    "2,1,-6": 9,
    "2,1,-7": 9,
    "2,1,-8": 9,
    "2,1,-9": 9,
    "2,1,0": 9,
    "2,1,1": 9,
    "2,1,2": 9,
    "2,11,2": 5,
    "2,2,-32": 9,
    "2,2,-33": 9,
    "2,2,-34": 9,
    "2,2,2": 11,
    "2,3,-33": 9,
    "2,3,-34": 9,
    "2,3,2": 4,
    "2,4,-34": 9,
    "20,0,-1": 12,
    "20,0,-10": 12,
    "20,0,-11": 12,
    "20,0,-12": 12,
    "20,0,-13": 12,
    "20,0,-14": 12,
    "20,0,-15": 12,
    "20,0,-16": 12,
    "20,0,-17": 12,
    "20,0,-18": 12,
    "20,0,-19": 12,
    "20,0,-2": 12,
    "20,0,-20": 12,
    "20,0,-21": 12,
    "20,0,-22": 12,
    "20,0,-23": 12,
    "20,0,-24": 12,
    "20,0,-25": 12,
    "20,0,-26": 12,
    "20,0,-27": 12,
    "20,0,-28": 12,
    "20,0,-29": 12,
    "20,0,-3": 12,
    "20,0,-30": 12,
    "20,0,-31": 12,
    "20,0,-32": 12,
    "20,0,-33": 9,
    "20,0,-34": 9,
    "20,0,-4": 12,
    "20,0,-5": 12,
    "20,0,-6": 12,
    "20,0,-7": 12,
    "20,0,-8": 12,
    "20,0,-9": 12,
    "20,0,0": 12,
    "20,0,1": 12,
    "20,0,10": 12,
    "20,0,11": 12,
    "20,0,12": 12,
    "20,0,13": 12,
    "20,0,14": 12,
    "20,0,15": 12,
    "20,0,2": 12,
    "20,0,3": 12,
    "20,0,4": 12,
    "20,0,5": 12,
    "20,0,6": 12,
    "20,0,7": 12,
    "20,0,8": 12,
    "20,0,9": 12,
    "20,1,-31": 9,
    "20,1,-32": 9,
    "20,1,-33": 9,
    "20,1,-34": 9,
    "20,2,-32": 9,
    "20,2,-33": 9,
    "20,2,-34": 9,
    "20,3,-33": 9,
    "20,3,-34": 9,
    "20,4,-34": 9,
    "21,0,-1": 12,
    "21,0,-10": 12,
    "21,0,-11": 12,
    "21,0,-12": 12,
    "21,0,-13": 12,
    "21,0,-14": 12,
    "21,0,-15": 12,
    "21,0,-16": 12,
    "21,0,-17": 12,
    "21,0,-18": 12,
    "21,0,-19": 12,
    "21,0,-2": 12,
    "21,0,-20": 12,
    "21,0,-21": 12,
    "21,0,-22": 12,
    "21,0,-23": 12,
    "21,0,-24": 12,
    "21,0,-25": 12,
    "21,0,-26": 12,
    "21,0,-27": 12,
    "21,0,-28": 12,
    "21,0,-29": 12,
    "21,0,-3": 12,
    "21,0,-30": 12,
    "21,0,-31": 12,
    "21,0,-32": 12,
    "21,0,-33": 9,
    "21,0,-34": 9,
    "21,0,-4": 12,
    "21,0,-5": 12,
    "21,0,-6": 12,
    "21,0,-7": 12,
    "21,0,-8": 12,
    "21,0,-9": 12,
    "21,0,0": 12,
    "21,0,1": 12,
    "21,0,10": 12,
    "21,0,11": 12,
    "21,0,12": 12,
    "21,0,13": 12,
    "21,0,14": 12,
    "21,0,15": 12,
    "21,0,2": 12,
    "21,0,3": 12,
    "21,0,4": 12,
    "21,0,5": 12,
    "21,0,6": 12,
    "21,0,7": 12,
    "21,0,8": 12,
    "21,0,9": 12,
    "21,1,-31": 9,
    "21,1,-32": 9,
    "21,1,-33": 9,
    "21,1,-34": 9,
    "21,2,-32": 9,
    "21,2,-33": 9,
    "21,2,-34": 9,
    "21,3,-33": 9,
    "21,3,-34": 9,
    "21,4,-34": 9,
    "22,0,-1": 12,
    "22,0,-10": 12,
    "22,0,-11": 12,
    "22,0,-12": 12,
    "22,0,-13": 12,
    "22,0,-14": 12,
    "22,0,-15": 12,
    "22,0,-16": 12,
    "22,0,-17": 12,
    "22,0,-18": 12,
    "22,0,-19": 12,
    "22,0,-2": 12,
    "22,0,-20": 12,
    "22,0,-21": 12,
    "22,0,-22": 12,
    "22,0,-23": 12,
    "22,0,-24": 12,
    "22,0,-25": 12,
    "22,0,-26": 12,
    "22,0,-27": 12,
    "22,0,-28": 12,
    "22,0,-29": 12,
    "22,0,-3": 12,
    "22,0,-30": 12,
    "22,0,-31": 12,
    "22,0,-32": 12,
    "22,0,-33": 9,
    "22,0,-34": 9,
    "22,0,-4": 12,
    "22,0,-5": 12,
    "22,0,-6": 12,
    "22,0,-7": 12,
    "22,0,-8": 12,
    "22,0,-9": 12,
    "22,0,0": 12,
    "22,0,1": 12,
    "22,0,10": 12,
    "22,0,11": 12,
    "22,0,12": 12,
    "22,0,13": 12,
    "22,0,14": 12,
    "22,0,15": 12,
    "22,0,2": 12,
    "22,0,3": 12,
    "22,0,4": 12,
    "22,0,5": 12,
    "22,0,6": 12,
    "22,0,7": 12,
    "22,0,8": 12,
    "22,0,9": 12,
    "22,1,-31": 9,
    "22,1,-32": 9,
    "22,1,-33": 9,
    "22,1,-34": 9,
    "22,2,-32": 9,
    "22,2,-33": 9,
    "22,2,-34": 9,
    "22,3,-33": 9,
    "22,3,-34": 9,
    "22,4,-34": 9,
    "23,0,-1": 12,
    "23,0,-10": 12,
    "23,0,-11": 12,
    "23,0,-12": 12,
    "23,0,-13": 12,
    "23,0,-14": 12,
    "23,0,-15": 12,
    "23,0,-16": 12,
    "23,0,-17": 12,
    "23,0,-18": 12,
    "23,0,-19": 12,
    "23,0,-2": 12,
    "23,0,-20": 12,
    "23,0,-21": 12,
    "23,0,-22": 12,
    "23,0,-23": 12,
    "23,0,-24": 12,
    "23,0,-25": 12,
    "23,0,-26": 12,
    "23,0,-27": 12,
    "23,0,-28": 12,
    "23,0,-29": 12,
    "23,0,-3": 12,
    "23,0,-30": 12,
    "23,0,-31": 12,
    "23,0,-32": 12,
    "23,0,-33": 9,
    "23,0,-34": 9,
    "23,0,-4": 12,
    "23,0,-5": 12,
    "23,0,-6": 12,
    "23,0,-7": 12,
    "23,0,-8": 12,
    "23,0,-9": 12,
    "23,0,0": 12,
    "23,0,1": 12,
    "23,0,10": 12,
    "23,0,11": 12,
    "23,0,12": 12,
    "23,0,13": 12,
    "23,0,14": 12,
    "23,0,15": 12,
    "23,0,2": 12,
    "23,0,3": 12,
    "23,0,4": 12,
    "23,0,5": 12,
    "23,0,6": 12,
    "23,0,7": 12,
    "23,0,8": 12,
    "23,0,9": 12,
    "23,1,-31": 9,
    "23,1,-32": 9,
    "23,1,-33": 9,
    "23,1,-34": 9,
    "23,2,-32": 9,
    "23,2,-33": 9,
    "23,2,-34": 9,
    "23,3,-33": 9,
    "23,3,-34": 9,
    "23,4,-34": 9,
    "24,0,-1": 12,
    "24,0,-10": 12,
    "24,0,-11": 12,
    "24,0,-12": 12,
    "24,0,-13": 12,
    "24,0,-14": 12,
    "24,0,-15": 12,
    "24,0,-16": 12,
    "24,0,-17": 12,
    "24,0,-18": 12,
    "24,0,-19": 12,
    "24,0,-2": 12,
    "24,0,-20": 12,
    "24,0,-21": 12,
    "24,0,-22": 12,
    "24,0,-23": 12,
    "24,0,-24": 12,
    "24,0,-25": 12,
    "24,0,-26": 12,
    "24,0,-27": 12,
    "24,0,-28": 12,
    "24,0,-29": 12,
    "24,0,-3": 12,
    "24,0,-30": 12,
    "24,0,-31": 12,
    "24,0,-32": 12,
    "24,0,-33": 9,
    "24,0,-34": 9,
    "24,0,-4": 12,
    "24,0,-5": 12,
    "24,0,-6": 12,
    "24,0,-7": 12,
    "24,0,-8": 12,
    "24,0,-9": 12,
    "24,0,0": 12,
    "24,0,1": 12,
    "24,0,10": 12,
    "24,0,11": 12,
    "24,0,12": 12,
    "24,0,13": 12,
    "24,0,14": 12,
    "24,0,15": 12,
    "24,0,2": 12,
    "24,0,3": 12,
    "24,0,4": 12,
    "24,0,5": 12,
    "24,0,6": 12,
    "24,0,7": 12,
    "24,0,8": 12,
    "24,0,9": 12,
    "24,1,-31": 9,
    "24,1,-32": 9,
    "24,1,-33": 9,
    "24,1,-34": 9,
    "24,2,-32": 9,
    "24,2,-33": 9,
    "24,2,-34": 9,
    "24,3,-33": 9,
    "24,3,-34": 9,
    "24,4,-34": 9,
    "25,0,-1": 12,
    "25,0,-10": 12,
    "25,0,-11": 12,
    "25,0,-12": 12,
    "25,0,-13": 12,
    "25,0,-14": 12,
    "25,0,-15": 12,
    "25,0,-16": 12,
    "25,0,-17": 12,
    "25,0,-18": 12,
    "25,0,-19": 12,
    "25,0,-2": 12,
    "25,0,-20": 12,
    "25,0,-21": 12,
    "25,0,-22": 12,
    "25,0,-23": 12,
    "25,0,-24": 12,
    "25,0,-25": 12,
    "25,0,-26": 12,
    "25,0,-27": 12,
    "25,0,-28": 12,
    "25,0,-29": 12,
    "25,0,-3": 12,
    "25,0,-30": 12,
    "25,0,-31": 12,
    "25,0,-32": 12,
    "25,0,-33": 9,
    "25,0,-34": 9,
    "25,0,-4": 12,
    "25,0,-5": 12,
    "25,0,-6": 12,
    "25,0,-7": 12,
    "25,0,-8": 12,
    "25,0,-9": 12,
    "25,0,0": 12,
    "25,0,1": 12,
    "25,0,10": 12,
    "25,0,11": 12,
    "25,0,12": 12,
    "25,0,13": 12,
    "25,0,14": 12,
    "25,0,15": 12,
    "25,0,2": 12,
    "25,0,3": 12,
    "25,0,4": 12,
    "25,0,5": 12,
    "25,0,6": 12,
    "25,0,7": 12,
    "25,0,8": 12,
    "25,0,9": 12,
    "25,1,-31": 9,
    "25,1,-32": 9,
    "25,1,-33": 9,
    "25,1,-34": 9,
    "25,2,-32": 9,
    "25,2,-33": 9,
    "25,2,-34": 9,
    "25,3,-33": 9,
    "25,3,-34": 9,
    "25,4,-34": 9,
    "26,0,-1": 12,
    "26,0,-10": 12,
    "26,0,-11": 12,
    "26,0,-12": 12,
    "26,0,-13": 12,
    "26,0,-14": 12,
    "26,0,-15": 12,
    "26,0,-16": 12,
    "26,0,-17": 12,
    "26,0,-18": 12,
    "26,0,-19": 12,
    "26,0,-2": 12,
    "26,0,-20": 12,
    "26,0,-21": 12,
    "26,0,-22": 12,
    "26,0,-23": 12,
    "26,0,-24": 12,
    "26,0,-25": 12,
    "26,0,-26": 12,
    "26,0,-27": 12,
    "26,0,-28": 12,
    "26,0,-29": 12,
    "26,0,-3": 12,
    "26,0,-30": 12,
    "26,0,-31": 12,
    "26,0,-32": 12,
    "26,0,-33": 9,
    "26,0,-34": 9,
    "26,0,-4": 12,
    "26,0,-5": 12,
    "26,0,-6": 12,
    "26,0,-7": 12,
    "26,0,-8": 12,
    "26,0,-9": 12,
    "26,0,0": 12,
    "26,0,1": 12,
    "26,0,10": 12,
    "26,0,11": 12,
    "26,0,12": 12,
    "26,0,13": 12,
    "26,0,14": 12,
    "26,0,15": 12,
    "26,0,2": 12,
    "26,0,3": 12,
    "26,0,4": 12,
    "26,0,5": 12,
    "26,0,6": 12,
    "26,0,7": 12,
    "26,0,8": 12,
    "26,0,9": 12,
    "26,1,-31": 9,
    "26,1,-32": 9,
    "26,1,-33": 9,
    "26,1,-34": 9,
    "26,2,-32": 9,
    "26,2,-33": 9,
    "26,2,-34": 9,
    "26,3,-33": 9,
    "26,3,-34": 9,
    "26,4,-34": 9,
    "27,0,-1": 12,
    "27,0,-10": 12,
    "27,0,-11": 12,
    "27,0,-12": 12,
    "27,0,-13": 12,
    "27,0,-14": 12,
    "27,0,-15": 12,
    "27,0,-16": 12,
    "27,0,-17": 12,
    "27,0,-18": 12,
    "27,0,-19": 12,
    "27,0,-2": 12,
    "27,0,-20": 12,
    "27,0,-21": 12,
    "27,0,-22": 12,
    "27,0,-23": 12,
    "27,0,-24": 12,
    "27,0,-25": 12,
    "27,0,-26": 12,
    "27,0,-27": 12,
    "27,0,-28": 12,
    "27,0,-29": 12,
    "27,0,-3": 12,
    "27,0,-30": 12,
    "27,0,-31": 12,
    "27,0,-32": 12,
    "27,0,-33": 9,
    "27,0,-34": 9,
    "27,0,-4": 12,
    "27,0,-5": 12,
    "27,0,-6": 12,
    "27,0,-7": 12,
    "27,0,-8": 12,
    "27,0,-9": 12,
    "27,0,0": 12,
    "27,0,1": 12,
    "27,0,10": 12,
    "27,0,11": 12,
    "27,0,12": 12,
    "27,0,13": 12,
    "27,0,14": 12,
    "27,0,15": 12,
    "27,0,2": 12,
    "27,0,3": 12,
    "27,0,4": 12,
    "27,0,5": 12,
    "27,0,6": 12,
    "27,0,7": 12,
    "27,0,8": 12,
    "27,0,9": 12,
    "27,1,-31": 9,
    "27,1,-32": 9,
    "27,1,-33": 9,
    "27,1,-34": 9,
    "27,2,-32": 9,
    "27,2,-33": 9,
    "27,2,-34": 9,
    "27,3,-33": 9,
    "27,3,-34": 9,
    "27,4,-34": 9,
    "28,0,-1": 12,
    "28,0,-10": 12,
    "28,0,-11": 12,
    "28,0,-12": 12,
    "28,0,-13": 12,
    "28,0,-14": 12,
    "28,0,-15": 12,
    "28,0,-16": 12,
    "28,0,-17": 12,
    "28,0,-18": 12,
    "28,0,-19": 12,
    "28,0,-2": 12,
    "28,0,-20": 12,
    "28,0,-21": 12,
    "28,0,-22": 12,
    "28,0,-23": 12,
    "28,0,-24": 12,
    "28,0,-25": 12,
    "28,0,-26": 12,
    "28,0,-27": 12,
    "28,0,-28": 12,
    "28,0,-29": 12,
    "28,0,-3": 12,
    "28,0,-30": 12,
    "28,0,-31": 12,
    "28,0,-32": 12,
    "28,0,-33": 9,
    "28,0,-34": 9,
    "28,0,-4": 12,
    "28,0,-5": 12,
    "28,0,-6": 12,
    "28,0,-7": 12,
    "28,0,-8": 12,
    "28,0,-9": 12,
    "28,0,0": 12,
    "28,0,1": 12,
    "28,0,10": 12,
    "28,0,11": 12,
    "28,0,12": 12,
    "28,0,13": 12,
    "28,0,14": 12,
    "28,0,15": 12,
    "28,0,2": 12,
    "28,0,3": 12,
    "28,0,4": 12,
    "28,0,5": 12,
    "28,0,6": 12,
    "28,0,7": 12,
    "28,0,8": 12,
    "28,0,9": 12,
    "28,1,-31": 9,
    "28,1,-32": 9,
    "28,1,-33": 9,
    "28,1,-34": 9,
    "28,2,-32": 9,
    "28,2,-33": 9,
    "28,2,-34": 9,
    "28,3,-33": 9,
    "28,3,-34": 9,
    "28,4,-34": 9,
    "29,0,-1": 12,
    "29,0,-10": 12,
    "29,0,-11": 12,
    "29,0,-12": 12,
    "29,0,-13": 12,
    "29,0,-14": 12,
    "29,0,-15": 12,
    "29,0,-16": 12,
    "29,0,-17": 12,
    "29,0,-18": 12,
    "29,0,-19": 12,
    "29,0,-2": 12,
    "29,0,-20": 12,
    "29,0,-21": 12,
    "29,0,-22": 12,
    "29,0,-23": 12,
    "29,0,-24": 12,
    "29,0,-25": 12,
    "29,0,-26": 12,
    "29,0,-27": 12,
    "29,0,-28": 12,
    "29,0,-29": 12,
    "29,0,-3": 12,
    "29,0,-30": 12,
    "29,0,-31": 12,
    "29,0,-32": 12,
    "29,0,-33": 12,
    "29,0,-34": 12,
    "29,0,-4": 12,
    "29,0,-5": 12,
    "29,0,-6": 12,
    "29,0,-7": 12,
    "29,0,-8": 12,
    "29,0,-9": 12,
    "29,0,0": 12,
    "29,0,1": 12,
    "29,0,10": 12,
    "29,0,11": 12,
    "29,0,12": 12,
    "29,0,13": 12,
    "29,0,14": 12,
    "29,0,15": 12,
    "29,0,2": 12,
    "29,0,3": 12,
    "29,0,4": 12,
    "29,0,5": 12,
    "29,0,6": 12,
    "29,0,7": 12,
    "29,0,8": 12,
    "29,0,9": 12,
    "29,1,-31": 9,
    "29,1,-32": 9,
    "29,1,-33": 9,
    "29,1,-34": 9,
    "29,2,-32": 9,
    "29,2,-33": 9,
    "29,2,-34": 9,
    "29,3,-33": 9,
    "29,3,-34": 9,
    "29,4,-34": 9,
    "3,0,-1": 1,
    "3,0,-10": 1,
    "3,0,-11": 1,
    "3,0,-13": 12,
    "3,0,-14": 12,
    "3,0,-15": 12,
    "3,0,-16": 12,
    "3,0,-17": 12,
    "3,0,-18": 12,
    "3,0,-19": 12,
    "3,0,-2": 1,
    "3,0,-20": 12,
    "3,0,-21": 12,
    "3,0,-22": 12,
    "3,0,-23": 12,
    "3,0,-24": 12,
    "3,0,-25": 12,
    "3,0,-26": 12,
    "3,0,-27": 12,
    "3,0,-28": 12,
    "3,0,-29": 12,
    "3,0,-3": 1,
    "3,0,-30": 12,
    "3,0,-31": 12,
    "3,0,-32": 12,
    "3,0,-33": 9,
    "3,0,-34": 9,
    "3,0,-4": 1,
    "3,0,-5": 1,
    "3,0,-6": 1,
    "3,0,-7": 1,
    "3,0,-8": 1,
    "3,0,-9": 1,
    "3,0,0": 1,
    "3,0,1": 1,
    "3,0,10": 12,
    "3,0,11": 12,
    "3,0,12": 12,
    "3,0,13": 12,
    "3,0,14": 12,
    "3,0,15": 12,
    "3,0,2": 1,
    "3,0,3": 12,
    "3,0,4": 12,
    "3,0,5": 12,
    "3,0,6": 12,
    "3,0,7": 12,
    "3,0,8": 12,
    "3,0,9": 12,
    "3,1,-1": 9,
    "3,1,-10": 9,
    "3,1,-11": 9,
    "3,1,-12": 9,
    "3,1,-2": 9,
    "3,1,-3": 9,
    "3,1,-31": 9,
    "3,1,-32": 9,
    "3,1,-33": 9,
    "3,1,-34": 9,
    "3,1,-4": 9,
    "3,1,-5": 9,
    "3,1,-6": 9,
    "3,1,-7": 9,
    "3,1,-8": 9,
    "3,1,-9": 9,
    "3,1,0": 9,
    "3,1,1": 9,
    "3,1,2": 9,
    "3,11,2": 5,
    "3,2,-32": 9,
    "3,2,-33": 9,
    "3,2,-34": 9,
    "3,2,2": 11,
    "3,3,-33": 9,
    "3,3,-34": 9,
    "3,3,2": 4,
    "3,4,-34": 9,
    "4,0,-1": 1,
    "4,0,-10": 1,
    "4,0,-11": 1,
    "4,0,-12": 1,
    "4,0,-13": 12,
    "4,0,-14": 12,
    "4,0,-15": 12,
    "4,0,-16": 12,
    "4,0,-17": 12,
    "4,0,-18": 12,
    "4,0,-19": 12,
    "4,0,-2": 1,
    "4,0,-20": 12,
    "4,0,-21": 12,
    "4,0,-22": 12,
    "4,0,-23": 12,
    "4,0,-24": 12,
    "4,0,-25": 12,
    "4,0,-26": 12,
    "4,0,-27": 12,
    "4,0,-28": 12,
    "4,0,-29": 12,
    "4,0,-3": 1,
    "4,0,-30": 12,
    "4,0,-31": 12,
    "4,0,-32": 12,
    "4,0,-33": 9,
    "4,0,-34": 9,
    "4,0,-4": 1,
    "4,0,-5": 1,
    "4,0,-6": 1,
    "4,0,-7": 1,
    "4,0,-8": 1,
    "4,0,-9": 1,
    "4,0,0": 1,
    "4,0,1": 1,
    "4,0,10": 12,
    "4,0,11": 12,
    "4,0,12": 12,
    "4,0,13": 12,
    "4,0,14": 12,
    "4,0,15": 12,
    "4,0,2": 1,
    "4,0,3": 12,
    "4,0,4": 12,
    "4,0,5": 12,
    "4,0,6": 12,
    "4,0,7": 12,
    "4,0,8": 12,
    "4,0,9": 12,
    "4,1,-1": 9,
    "4,1,-10": 9,
    "4,1,-11": 9,
    "4,1,-12": 9,
    "4,1,-2": 9,
    "4,1,-3": 9,
    "4,1,-31": 9,
    "4,1,-32": 9,
    "4,1,-33": 9,
    "4,1,-34": 9,
    "4,1,-4": 9,
    "4,1,-5": 9,
    "4,1,-6": 9,
    "4,1,-7": 9,
    "4,1,-8": 9,
    "4,1,-9": 9,
    "4,1,0": 9,
    "4,1,1": 9,
    "4,1,2": 9,
    "4,11,2": 5,
    "4,2,-10": 3,
    "4,2,-32": 9,
    "4,2,-33": 9,
    "4,2,-34": 9,
    "4,2,-9": 3,
    "4,2,2": 11,
    "4,3,-33": 9,
    "4,3,-34": 9,
    "4,3,-9": 3,
    "4,3,2": 4,
    "4,4,-34": 9,
    "5,0,-1": 1,
    "5,0,-10": 1,
    "5,0,-11": 1,
    "5,0,-13": 12,
    "5,0,-14": 12,
    "5,0,-15": 12,
    "5,0,-16": 12,
    "5,0,-17": 12,
    "5,0,-18": 12,
    "5,0,-19": 12,
    "5,0,-2": 1,
    "5,0,-20": 12,
    "5,0,-21": 12,
    "5,0,-22": 12,
    "5,0,-23": 12,
    "5,0,-24": 12,
    "5,0,-25": 12,
    "5,0,-26": 12,
    "5,0,-27": 12,
    "5,0,-28": 12,
    "5,0,-29": 12,
    "5,0,-3": 1,
    "5,0,-30": 12,
    "5,0,-31": 12,
    "5,0,-32": 12,
    "5,0,-33": 9,
    "5,0,-34": 9,
    "5,0,-4": 1,
    "5,0,-5": 1,
    "5,0,-6": 1,
    "5,0,-7": 1,
    "5,0,-8": 1,
    "5,0,-9": 1,
    "5,0,0": 1,
    "5,0,1": 1,
    "5,0,10": 12,
    "5,0,11": 12,
    "5,0,12": 12,
    "5,0,13": 12,
    "5,0,14": 12,
    "5,0,15": 12,
    "5,0,2": 1,
    "5,0,3": 12,
    "5,0,4": 12,
    "5,0,5": 12,
    "5,0,6": 12,
    "5,0,7": 12,
    "5,0,8": 12,
    "5,0,9": 12,
    "5,1,-1": 9,
    "5,1,-10": 9,
    "5,1,-11": 9,
    "5,1,-12": 9,
    "5,1,-2": 9,
    "5,1,-3": 9,
    "5,1,-31": 9,
    "5,1,-32": 9,
    "5,1,-33": 9,
    "5,1,-34": 9,
    "5,1,-4": 9,
    "5,1,-5": 9,
    "5,1,-6": 9,
    "5,1,-7": 9,
    "5,1,-8": 9,
    "5,1,-9": 9,
    "5,1,0": 9,
    "5,1,1": 9,
    "5,1,2": 9,
    "5,11,2": 5,
    "5,2,-32": 9,
    "5,2,-33": 9,
    "5,2,-34": 9,
    "5,2,2": 11,
    "5,3,-33": 9,
    "5,3,-34": 9,
    "5,3,2": 4,
    "5,4,-34": 9,
    "6,0,-1": 1,
    "6,0,-10": 1,
    "6,0,-11": 1,
    "6,0,-13": 12,
    "6,0,-14": 12,
    "6,0,-15": 12,
    "6,0,-16": 12,
    "6,0,-17": 12,
    "6,0,-18": 12,
    "6,0,-19": 12,
    "6,0,-2": 1,
    "6,0,-20": 12,
    "6,0,-21": 12,
    "6,0,-22": 12,
    "6,0,-23": 12,
    "6,0,-24": 12,
    "6,0,-25": 12,
    "6,0,-26": 12,
    "6,0,-27": 12,
    "6,0,-28": 12,
    "6,0,-29": 12,
    "6,0,-3": 1,
    "6,0,-30": 12,
    "6,0,-31": 12,
    "6,0,-32": 12,
    "6,0,-33": 9,
    "6,0,-34": 9,
    "6,0,-4": 1,
    "6,0,-5": 1,
    "6,0,-6": 1,
    "6,0,-7": 1,
    "6,0,-8": 1,
    "6,0,-9": 1,
    "6,0,0": 1,
    "6,0,1": 1,
    "6,0,10": 12,
    "6,0,11": 12,
    "6,0,12": 12,
    "6,0,13": 12,
    "6,0,14": 12,
    "6,0,15": 12,
    "6,0,2": 1,
    "6,0,3": 12,
    "6,0,4": 12,
    "6,0,5": 12,
    "6,0,6": 12,
    "6,0,7": 12,
    "6,0,8": 12,
    "6,0,9": 12,
    "6,1,-1": 9,
    "6,1,-10": 9,
    "6,1,-11": 9,
    "6,1,-12": 9,
    "6,1,-2": 9,
    "6,1,-3": 9,
    "6,1,-31": 9,
    "6,1,-32": 9,
    "6,1,-33": 9,
    "6,1,-34": 9,
    "6,1,-4": 9,
    "6,1,-5": 9,
    "6,1,-6": 9,
    "6,1,-7": 9,
    "6,1,-8": 9,
    "6,1,-9": 9,
    "6,1,0": 9,
    "6,1,1": 9,
    "6,1,2": 9,
    "6,11,2": 5,
    "6,2,-32": 9,
    "6,2,-33": 9,
    "6,2,-34": 9,
    "6,2,2": 11,
    "6,3,-33": 9,
    "6,3,-34": 9,
    "6,3,2": 4,
    "6,4,-34": 9,
    "7,0,-1": 1,
    "7,0,-10": 1,
    "7,0,-11": 1,
    "7,0,-13": 12,
    "7,0,-14": 12,
    "7,0,-15": 12,
    "7,0,-16": 12,
    "7,0,-17": 12,
    "7,0,-18": 12,
    "7,0,-19": 12,
    "7,0,-2": 1,
    "7,0,-20": 12,
    "7,0,-21": 12,
    "7,0,-22": 12,
    "7,0,-23": 12,
    "7,0,-24": 12,
    "7,0,-25": 12,
    "7,0,-26": 12,
    "7,0,-27": 12,
    "7,0,-28": 12,
    "7,0,-29": 12,
    "7,0,-3": 1,
    "7,0,-30": 12,
    "7,0,-31": 12,
    "7,0,-32": 12,
    "7,0,-33": 9,
    "7,0,-34": 9,
    "7,0,-4": 1,
    "7,0,-5": 1,
    "7,0,-6": 1,
    "7,0,-7": 1,
    "7,0,-8": 1,
    "7,0,-9": 1,
    "7,0,0": 1,
    "7,0,1": 1,
    "7,0,10": 12,
    "7,0,11": 12,
    "7,0,12": 12,
    "7,0,13": 12,
    "7,0,14": 12,
    "7,0,15": 12,
    "7,0,2": 1,
    "7,0,3": 12,
    "7,0,4": 12,
    "7,0,5": 12,
    "7,0,6": 12,
    "7,0,7": 12,
    "7,0,8": 12,
    "7,0,9": 12,
    "7,1,-1": 9,
    "7,1,-10": 9,
    "7,1,-11": 9,
    "7,1,-12": 9,
    "7,1,-2": 9,
    "7,1,-3": 9,
    "7,1,-31": 9,
    "7,1,-32": 9,
    "7,1,-33": 9,
    "7,1,-34": 9,
    "7,1,-4": 9,
    "7,1,-5": 9,
    "7,1,-6": 9,
    "7,1,-7": 9,
    "7,1,-8": 9,
    "7,1,-9": 9,
    "7,1,0": 9,
    "7,1,1": 9,
    "7,1,2": 9,
    "7,11,2": 5,
    "7,2,-32": 9,
    "7,2,-33": 9,
    "7,2,-34": 9,
    "7,2,2": 11,
    "7,3,-33": 9,
    "7,3,-34": 9,
    "7,3,2": 4,
    "7,4,-34": 9,
    "7,4,2": 5,
    "7,5,2": 5,
    "7,6,2": 5,
    "7,7,2": 5,
    "7,8,2": 5,
    "7,9,2": 5,
    "8,0,-1": 1,
    "8,0,-10": 1,
    "8,0,-11": 1,
    "8,0,-13": 12,
    "8,0,-14": 12,
    "8,0,-15": 12,
    "8,0,-16": 12,
    "8,0,-17": 12,
    "8,0,-18": 12,
    "8,0,-19": 12,
    "8,0,-2": 1,
    "8,0,-20": 12,
    "8,0,-21": 12,
    "8,0,-22": 12,
    "8,0,-23": 12,
    "8,0,-24": 12,
    "8,0,-25": 12,
    "8,0,-26": 12,
    "8,0,-27": 12,
    "8,0,-28": 12,
    "8,0,-29": 12,
    "8,0,-3": 1,
    "8,0,-30": 12,
    "8,0,-31": 12,
    "8,0,-32": 12,
    "8,0,-33": 9,
    "8,0,-34": 9,
    "8,0,-4": 1,
    "8,0,-5": 1,
    "8,0,-6": 1,
    "8,0,-7": 1,
    "8,0,-8": 1,
    "8,0,-9": 1,
    "8,0,0": 1,
    "8,0,1": 1,
    "8,0,10": 12,
    "8,0,11": 12,
    "8,0,12": 12,
    "8,0,13": 12,
    "8,0,14": 12,
    "8,0,15": 12,
    "8,0,2": 1,
    "8,0,3": 12,
    "8,0,4": 12,
    "8,0,5": 12,
    "8,0,6": 12,
    "8,0,7": 12,
    "8,0,8": 12,
    "8,0,9": 12,
    "8,1,-1": 9,
    "8,1,-10": 9,
    "8,1,-11": 9,
    "8,1,-12": 9,
    "8,1,-2": 9,
    "8,1,-3": 9,
    "8,1,-31": 9,
    "8,1,-32": 9,
    "8,1,-33": 9,
    "8,1,-34": 9,
    "8,1,-4": 9,
    "8,1,-5": 9,
    "8,1,-6": 9,
    "8,1,-7": 9,
    "8,1,-8": 9,
    "8,1,-9": 9,
    "8,1,0": 9,
    "8,1,1": 9,
    "8,1,2": 9,
    "8,11,2": 5,
    "8,2,-32": 9,
    "8,2,-33": 9,
    "8,2,-34": 9,
    "8,2,2": 11,
    "8,3,-33": 9,
    "8,3,-34": 9,
    "8,3,2": 4,
    "8,4,-34": 9,
    "8,4,2": 5,
    "8,5,2": 5,
    "8,6,2": 5,
    "8,7,2": 5,
    "8,8,2": 5,
    "8,9,2": 5,
    "9,0,-1": 1,
    "9,0,-10": 1,
    "9,0,-11": 1,
    "9,0,-13": 1,
    "9,0,-14": 12,
    "9,0,-15": 12,
    "9,0,-16": 12,
    "9,0,-17": 12,
    "9,0,-18": 12,
    "9,0,-19": 12,
    "9,0,-2": 1,
    "9,0,-20": 12,
    "9,0,-21": 12,
    "9,0,-22": 12,
    "9,0,-23": 12,
    "9,0,-24": 12,
    "9,0,-25": 12,
    "9,0,-26": 12,
    "9,0,-27": 12,
    "9,0,-28": 12,
    "9,0,-29": 12,
    "9,0,-3": 1,
    "9,0,-30": 12,
    "9,0,-31": 12,
    "9,0,-32": 12,
    "9,0,-33": 9,
    "9,0,-34": 9,
    "9,0,-4": 1,
    "9,0,-5": 1,
    "9,0,-6": 1,
    "9,0,-7": 1,
    "9,0,-8": 1,
    "9,0,-9": 1,
    "9,0,0": 1,
    "9,0,1": 1,
    "9,0,10": 12,
    "9,0,11": 12,
    "9,0,12": 12,
    "9,0,13": 12,
    "9,0,14": 12,
    "9,0,15": 12,
    "9,0,3": 12,
    "9,0,4": 12,
    "9,0,5": 12,
    "9,0,6": 12,
    "9,0,7": 12,
    "9,0,8": 12,
    "9,0,9": 12,
    "9,1,-1": 9,
    "9,1,-10": 9,
    "9,1,-11": 9,
    "9,1,-12": 9,
    "9,1,-13": 2,
    "9,1,-14": 2,
    "9,1,-2": 9,
    "9,1,-3": 9,
    "9,1,-31": 9,
    "9,1,-32": 9,
    "9,1,-33": 9,
    "9,1,-34": 9,
    "9,1,-4": 9,
    "9,1,-5": 9,
    "9,1,-6": 9,
    "9,1,-7": 9,
    "9,1,-8": 9,
    "9,1,-9": 9,
    "9,1,0": 9,
    "9,1,1": 9,
    "9,1,2": 9,
    "9,11,2": 5,
    "9,2,-1": 10,
    "9,2,-10": 7,
    "9,2,-2": 10,
    "9,2,-32": 9,
    "9,2,-33": 9,
    "9,2,-34": 9,
    "9,2,-9": 6,
    "9,2,2": 11,
    "9,3,-2": 10,
    "9,3,-33": 9,
    "9,3,-34": 9,
    "9,3,-9": 6,
    "9,3,2": 4,
    "9,4,-34": 9,
    "9,4,2": 5,
    "9,5,2": 5,
    "9,6,2": 5,
    "9,7,2": 5,
    "9,8,2": 5,
    "9,9,2": 5,
    "15,2,-9": 8,
    "13,2,-9": 8,
    "15,3,-9": 8,
    "13,3,-9": 8,
    "10,3,-9": 7,
    "10,2,-9": 7,
    "8,2,-9": 7,
    "8,3,-9": 7,
    "5,2,-9": 3,
    "5,3,-9": 3,
    "3,2,-9": 3,
    "3,3,-9": 3,
    "10,2,-2": 10,
    "10,3,-2": 10,
    "8,2,-2": 10,
    "8,3,-2": 10
  },
  "entities": {
    "-10.5,2.625,15.5": {
      "modelUri": "models/environment/lamp-post.gltf",
      "modelPreferredShape": "trimesh",
      "modelLoopedAnimations": [
        "idle"
      ],
      "modelScale": 1,
      "name": "lamp-post",
      "rigidBodyOptions": {
        "type": "fixed",
        "rotation": {
          "x": 0,
          "y": 0.7071067811865475,
          "z": 0,
          "w": 0.7071067811865476
        }
      }
    },
    "-8.5,2.625,15.5": {
      "modelUri": "models/environment/lamp-post.gltf",
      "modelPreferredShape": "trimesh",
      "modelLoopedAnimations": [
        "idle"
      ],
      "modelScale": 1,
      "name": "lamp-post",
      "rigidBodyOptions": {
        "type": "fixed",
        "rotation": {
          "x": 0,
          "y": 0.7071067811865475,
          "z": 0,
          "w": 0.7071067811865476
        }
      }
    },
    "-6.5,2.625,15.5": {
      "modelUri": "models/environment/lamp-post.gltf",
      "modelPreferredShape": "trimesh",
      "modelLoopedAnimations": [
        "idle"
      ],
      "modelScale": 1,
      "name": "lamp-post",
      "rigidBodyOptions": {
        "type": "fixed",
        "rotation": {
          "x": 0,
          "y": 0.7071067811865475,
          "z": 0,
          "w": 0.7071067811865476
        }
      }
    },
    "-4.5,2.625,15.5": {
      "modelUri": "models/environment/lamp-post.gltf",
      "modelPreferredShape": "trimesh",
      "modelLoopedAnimations": [
        "idle"
      ],
      "modelScale": 1,
      "name": "lamp-post",
      "rigidBodyOptions": {
        "type": "fixed",
        "rotation": {
          "x": 0,
          "y": 0.7071067811865475,
          "z": 0,
          "w": 0.7071067811865476
        }
      }
    },
    "-2.5,2.625,15.5": {
      "modelUri": "models/environment/lamp-post.gltf",
      "modelPreferredShape": "trimesh",
      "modelLoopedAnimations": [
        "idle"
      ],
      "modelScale": 1,
      "name": "lamp-post",
      "rigidBodyOptions": {
        "type": "fixed",
        "rotation": {
          "x": 0,
          "y": 0.7071067811865475,
          "z": 0,
          "w": 0.7071067811865476
        }
      }
    },
    "-0.5,2.625,15.5": {
      "modelUri": "models/environment/lamp-post.gltf",
      "modelPreferredShape": "trimesh",
      "modelLoopedAnimations": [
        "idle"
      ],
      "modelScale": 1,
      "name": "lamp-post",
      "rigidBodyOptions": {
        "type": "fixed",
        "rotation": {
          "x": 0,
          "y": 0.7071067811865475,
          "z": 0,
          "w": 0.7071067811865476
        }
      }
    },
    "1.5,2.625,15.5": {
      "modelUri": "models/environment/lamp-post.gltf",
      "modelPreferredShape": "trimesh",
      "modelLoopedAnimations": [
        "idle"
      ],
      "modelScale": 1,
      "name": "lamp-post",
      "rigidBodyOptions": {
        "type": "fixed",
        "rotation": {
          "x": 0,
          "y": 0.7071067811865475,
          "z": 0,
          "w": 0.7071067811865476
        }
      }
    },
    "3.5,2.625,15.5": {
      "modelUri": "models/environment/lamp-post.gltf",
      "modelPreferredShape": "trimesh",
      "modelLoopedAnimations": [
        "idle"
      ],
      "modelScale": 1,
      "name": "lamp-post",
      "rigidBodyOptions": {
        "type": "fixed",
        "rotation": {
          "x": 0,
          "y": 0.7071067811865475,
          "z": 0,
          "w": 0.7071067811865476
        }
      }
    },
    "5.5,2.625,15.5": {
      "modelUri": "models/environment/lamp-post.gltf",
      "modelPreferredShape": "trimesh",
      "modelLoopedAnimations": [
        "idle"
      ],
      "modelScale": 1,
      "name": "lamp-post",
      "rigidBodyOptions": {
        "type": "fixed",
        "rotation": {
          "x": 0,
          "y": 0.7071067811865475,
          "z": 0,
          "w": 0.7071067811865476
        }
      }
    },
    "7.5,2.625,15.5": {
      "modelUri": "models/environment/lamp-post.gltf",
      "modelPreferredShape": "trimesh",
      "modelLoopedAnimations": [
        "idle"
      ],
      "modelScale": 1,
      "name": "lamp-post",
      "rigidBodyOptions": {
        "type": "fixed",
        "rotation": {
          "x": 0,
          "y": 0.7071067811865475,
          "z": 0,
          "w": 0.7071067811865476
        }
      }
    },
    "9.5,2.625,15.5": {
      "modelUri": "models/environment/lamp-post.gltf",
      "modelPreferredShape": "trimesh",
      "modelLoopedAnimations": [
        "idle"
      ],
      "modelScale": 1,
      "name": "lamp-post",
      "rigidBodyOptions": {
        "type": "fixed",
        "rotation": {
          "x": 0,
          "y": 0.7071067811865475,
          "z": 0,
          "w": 0.7071067811865476
        }
      }
    },
    "11.5,2.625,15.5": {
      "modelUri": "models/environment/lamp-post.gltf",
      "modelPreferredShape": "trimesh",
      "modelLoopedAnimations": [
        "idle"
      ],
      "modelScale": 1,
      "name": "lamp-post",
      "rigidBodyOptions": {
        "type": "fixed",
        "rotation": {
          "x": 0,
          "y": 0.7071067811865475,
          "z": 0,
          "w": 0.7071067811865476
        }
      }
    },
    "13.5,2.625,15.5": {
      "modelUri": "models/environment/lamp-post.gltf",
      "modelPreferredShape": "trimesh",
      "modelLoopedAnimations": [
        "idle"
      ],
      "modelScale": 1,
      "name": "lamp-post",
      "rigidBodyOptions": {
        "type": "fixed",
        "rotation": {
          "x": 0,
          "y": 0.7071067811865475,
          "z": 0,
          "w": 0.7071067811865476
        }
      }
    },
    "15.5,2.625,15.5": {
      "modelUri": "models/environment/lamp-post.gltf",
      "modelPreferredShape": "trimesh",
      "modelLoopedAnimations": [
        "idle"
      ],
      "modelScale": 1,
      "name": "lamp-post",
      "rigidBodyOptions": {
        "type": "fixed",
        "rotation": {
          "x": 0,
          "y": 0.7071067811865475,
          "z": 0,
          "w": 0.7071067811865476
        }
      }
    },
    "17.5,2.625,15.5": {
      "modelUri": "models/environment/lamp-post.gltf",
      "modelPreferredShape": "trimesh",
      "modelLoopedAnimations": [
        "idle"
      ],
      "modelScale": 1,
      "name": "lamp-post",
      "rigidBodyOptions": {
        "type": "fixed",
        "rotation": {
          "x": 0,
          "y": 0.7071067811865475,
          "z": 0,
          "w": 0.7071067811865476
        }
      }
    },
    "19.5,2.625,15.5": {
      "modelUri": "models/environment/lamp-post.gltf",
      "modelPreferredShape": "trimesh",
      "modelLoopedAnimations": [
        "idle"
      ],
      "modelScale": 1,
      "name": "lamp-post",
      "rigidBodyOptions": {
        "type": "fixed",
        "rotation": {
          "x": 0,
          "y": 0.7071067811865475,
          "z": 0,
          "w": 0.7071067811865476
        }
      }
    },
    "21.5,2.625,15.5": {
      "modelUri": "models/environment/lamp-post.gltf",
      "modelPreferredShape": "trimesh",
      "modelLoopedAnimations": [
        "idle"
      ],
      "modelScale": 1,
      "name": "lamp-post",
      "rigidBodyOptions": {
        "type": "fixed",
        "rotation": {
          "x": 0,
          "y": 0.7071067811865475,
          "z": 0,
          "w": 0.7071067811865476
        }
      }
    },
    "23.5,2.625,15.5": {
      "modelUri": "models/environment/lamp-post.gltf",
      "modelPreferredShape": "trimesh",
      "modelLoopedAnimations": [
        "idle"
      ],
      "modelScale": 1,
      "name": "lamp-post",
      "rigidBodyOptions": {
        "type": "fixed",
        "rotation": {
          "x": 0,
          "y": 0.7071067811865475,
          "z": 0,
          "w": 0.7071067811865476
        }
      }
    },
    "25.5,2.625,15.5": {
      "modelUri": "models/environment/lamp-post.gltf",
      "modelPreferredShape": "trimesh",
      "modelLoopedAnimations": [
        "idle"
      ],
      "modelScale": 1,
      "name": "lamp-post",
      "rigidBodyOptions": {
        "type": "fixed",
        "rotation": {
          "x": 0,
          "y": 0.7071067811865475,
          "z": 0,
          "w": 0.7071067811865476
        }
      }
    },
    "27.5,2.625,15.5": {
      "modelUri": "models/environment/lamp-post.gltf",
      "modelPreferredShape": "trimesh",
      "modelLoopedAnimations": [
        "idle"
      ],
      "modelScale": 1,
      "name": "lamp-post",
      "rigidBodyOptions": {
        "type": "fixed",
        "rotation": {
          "x": 0,
          "y": 0.7071067811865475,
          "z": 0,
          "w": 0.7071067811865476
        }
      }
    },
    "0.5,0.5625,0.5": {
      "modelUri": "models/environment/button.gltf",
      "modelPreferredShape": "trimesh",
      "modelLoopedAnimations": [
        "idle"
      ],
      "modelScale": 1,
      "name": "button",
      "rigidBodyOptions": {
        "type": "fixed",
        "rotation": {
          "x": 0,
          "y": 0,
          "z": 0,
          "w": 1
        }
      }
    },
    "14.5,4.0625,-8.5": {
      "modelUri": "models/environment/button.gltf",
      "modelPreferredShape": "trimesh",
      "modelLoopedAnimations": [
        "idle"
      ],
      "modelScale": 1,
      "name": "button",
      "rigidBodyOptions": {
        "type": "fixed",
        "rotation": {
          "x": 0,
          "y": 0,
          "z": 0,
          "w": 1
        }
      }
    },
    "9.5,4.0625,-8.5": {
      "modelUri": "models/environment/button.gltf",
      "modelPreferredShape": "trimesh",
      "modelLoopedAnimations": [
        "idle"
      ],
      "modelScale": 1,
      "name": "button",
      "rigidBodyOptions": {
        "type": "fixed",
        "rotation": {
          "x": 0,
          "y": 0,
          "z": 0,
          "w": 1
        }
      }
    },
    "4.5,4.0625,-8.5": {
      "modelUri": "models/environment/button.gltf",
      "modelPreferredShape": "trimesh",
      "modelLoopedAnimations": [
        "idle"
      ],
      "modelScale": 1,
      "name": "button",
      "rigidBodyOptions": {
        "type": "fixed",
        "rotation": {
          "x": 0,
          "y": 0,
          "z": 0,
          "w": 1
        }
      }
    },
    "9.5,4.0625,-1.5": {
      "modelUri": "models/environment/button.gltf",
      "modelPreferredShape": "trimesh",
      "modelLoopedAnimations": [
        "idle"
      ],
      "modelScale": 1,
      "name": "button",
      "rigidBodyOptions": {
        "type": "fixed",
        "rotation": {
          "x": 0,
          "y": 0,
          "z": 0,
          "w": 1
        }
      }
    },
    "-11.5,6.387389289396448,-33.5": {
      "modelUri": "models/environment/warrior-statue.gltf",
      "modelPreferredShape": "trimesh",
      "modelLoopedAnimations": [
        "idle"
      ],
      "modelScale": 1,
      "name": "warrior-statue",
      "rigidBodyOptions": {
        "type": "fixed",
        "rotation": {
          "x": 0,
          "y": 0.7071067811865475,
          "z": 0,
          "w": 0.7071067811865476
        }
      }
    },
    "29.5,6.387389289396448,-33.5": {
      "modelUri": "models/environment/warrior-statue.gltf",
      "modelPreferredShape": "trimesh",
      "modelLoopedAnimations": [
        "idle"
      ],
      "modelScale": 1,
      "name": "warrior-statue",
      "rigidBodyOptions": {
        "type": "fixed",
        "rotation": {
          "x": 0,
          "y": 0.7071067811865475,
          "z": 0,
          "w": 0.7071067811865476
        }
      }
    },
    "29.5,5.387389289396448,-32.5": {
      "modelUri": "models/environment/warrior-statue.gltf",
      "modelPreferredShape": "trimesh",
      "modelLoopedAnimations": [
        "idle"
      ],
      "modelScale": 1,
      "name": "warrior-statue",
      "rigidBodyOptions": {
        "type": "fixed",
        "rotation": {
          "x": 0,
          "y": 0.7071067811865475,
          "z": 0,
          "w": 0.7071067811865476
        }
      }
    },
    "29.5,4.387389289396448,-31.5": {
      "modelUri": "models/environment/warrior-statue.gltf",
      "modelPreferredShape": "trimesh",
      "modelLoopedAnimations": [
        "idle"
      ],
      "modelScale": 1,
      "name": "warrior-statue",
      "rigidBodyOptions": {
        "type": "fixed",
        "rotation": {
          "x": 0,
          "y": 0.7071067811865475,
          "z": 0,
          "w": 0.7071067811865476
        }
      }
    },
    "29.5,3.387389289396448,-30.5": {
      "modelUri": "models/environment/warrior-statue.gltf",
      "modelPreferredShape": "trimesh",
      "modelLoopedAnimations": [
        "idle"
      ],
      "modelScale": 1,
      "name": "warrior-statue",
      "rigidBodyOptions": {
        "type": "fixed",
        "rotation": {
          "x": 0,
          "y": 0.7071067811865475,
          "z": 0,
          "w": 0.7071067811865476
        }
      }
    },
    "29.5,2.387389289396448,-29.5": {
      "modelUri": "models/environment/warrior-statue.gltf",
      "modelPreferredShape": "trimesh",
      "modelLoopedAnimations": [
        "idle"
      ],
      "modelScale": 1,
      "name": "warrior-statue",
      "rigidBodyOptions": {
        "type": "fixed",
        "rotation": {
          "x": 0,
          "y": 0.7071067811865475,
          "z": 0,
          "w": 0.7071067811865476
        }
      }
    },
    "-11.5,5.387389289396448,-32.5": {
      "modelUri": "models/environment/warrior-statue.gltf",
      "modelPreferredShape": "trimesh",
      "modelLoopedAnimations": [
        "idle"
      ],
      "modelScale": 1,
      "name": "warrior-statue",
      "rigidBodyOptions": {
        "type": "fixed",
        "rotation": {
          "x": 0,
          "y": 0.7071067811865475,
          "z": 0,
          "w": 0.7071067811865476
        }
      }
    },
    "-11.5,4.387389289396448,-31.5": {
      "modelUri": "models/environment/warrior-statue.gltf",
      "modelPreferredShape": "trimesh",
      "modelLoopedAnimations": [
        "idle"
      ],
      "modelScale": 1,
      "name": "warrior-statue",
      "rigidBodyOptions": {
        "type": "fixed",
        "rotation": {
          "x": 0,
          "y": 0.7071067811865475,
          "z": 0,
          "w": 0.7071067811865476
        }
      }
    },
    "-11.5,3.387389289396448,-30.5": {
      "modelUri": "models/environment/warrior-statue.gltf",
      "modelPreferredShape": "trimesh",
      "modelLoopedAnimations": [
        "idle"
      ],
      "modelScale": 1,
      "name": "warrior-statue",
      "rigidBodyOptions": {
        "type": "fixed",
        "rotation": {
          "x": 0,
          "y": 0.7071067811865475,
          "z": 0,
          "w": 0.7071067811865476
        }
      }
    },
    "-11.5,2.387389289396448,-29.5": {
      "modelUri": "models/environment/warrior-statue.gltf",
      "modelPreferredShape": "trimesh",
      "modelLoopedAnimations": [
        "idle"
      ],
      "modelScale": 1,
      "name": "warrior-statue",
      "rigidBodyOptions": {
        "type": "fixed",
        "rotation": {
          "x": 0,
          "y": 0.7071067811865475,
          "z": 0,
          "w": 0.7071067811865476
        }
      }
    },
    "-11.5,1.46875,-27.5": {
      "modelUri": "models/environment/stone-altar-3.gltf",
      "modelPreferredShape": "trimesh",
      "modelLoopedAnimations": [
        "idle"
      ],
      "modelScale": 1,
      "name": "stone-altar-3",
      "rigidBodyOptions": {
        "type": "fixed",
        "rotation": {
          "x": 0,
          "y": 0.7071067811865475,
          "z": 0,
          "w": 0.7071067811865476
        }
      }
    },
    "-11.5,1.46875,-24.5": {
      "modelUri": "models/environment/stone-altar-3.gltf",
      "modelPreferredShape": "trimesh",
      "modelLoopedAnimations": [
        "idle"
      ],
      "modelScale": 1,
      "name": "stone-altar-3",
      "rigidBodyOptions": {
        "type": "fixed",
        "rotation": {
          "x": 0,
          "y": 0.7071067811865475,
          "z": 0,
          "w": 0.7071067811865476
        }
      }
    },
    "-11.5,1.46875,-21.5": {
      "modelUri": "models/environment/stone-altar-3.gltf",
      "modelPreferredShape": "trimesh",
      "modelLoopedAnimations": [
        "idle"
      ],
      "modelScale": 1,
      "name": "stone-altar-3",
      "rigidBodyOptions": {
        "type": "fixed",
        "rotation": {
          "x": 0,
          "y": 0.7071067811865475,
          "z": 0,
          "w": 0.7071067811865476
        }
      }
    },
    "-11.5,1.46875,-18.5": {
      "modelUri": "models/environment/stone-altar-3.gltf",
      "modelPreferredShape": "trimesh",
      "modelLoopedAnimations": [
        "idle"
      ],
      "modelScale": 1,
      "name": "stone-altar-3",
      "rigidBodyOptions": {
        "type": "fixed",
        "rotation": {
          "x": 0,
          "y": 0.7071067811865475,
          "z": 0,
          "w": 0.7071067811865476
        }
      }
    },
    "-11.5,1.46875,-15.5": {
      "modelUri": "models/environment/stone-altar-3.gltf",
      "modelPreferredShape": "trimesh",
      "modelLoopedAnimations": [
        "idle"
      ],
      "modelScale": 1,
      "name": "stone-altar-3",
      "rigidBodyOptions": {
        "type": "fixed",
        "rotation": {
          "x": 0,
          "y": 0.7071067811865475,
          "z": 0,
          "w": 0.7071067811865476
        }
      }
    },
    "-11.5,1.46875,-12.5": {
      "modelUri": "models/environment/stone-altar-3.gltf",
      "modelPreferredShape": "trimesh",
      "modelLoopedAnimations": [
        "idle"
      ],
      "modelScale": 1,
      "name": "stone-altar-3",
      "rigidBodyOptions": {
        "type": "fixed",
        "rotation": {
          "x": 0,
          "y": 0.7071067811865475,
          "z": 0,
          "w": 0.7071067811865476
        }
      }
    },
    "-11.5,1.46875,-9.5": {
      "modelUri": "models/environment/stone-altar-3.gltf",
      "modelPreferredShape": "trimesh",
      "modelLoopedAnimations": [
        "idle"
      ],
      "modelScale": 1,
      "name": "stone-altar-3",
      "rigidBodyOptions": {
        "type": "fixed",
        "rotation": {
          "x": 0,
          "y": 0.7071067811865475,
          "z": 0,
          "w": 0.7071067811865476
        }
      }
    },
    "-11.5,1.46875,-6.5": {
      "modelUri": "models/environment/stone-altar-3.gltf",
      "modelPreferredShape": "trimesh",
      "modelLoopedAnimations": [
        "idle"
      ],
      "modelScale": 1,
      "name": "stone-altar-3",
      "rigidBodyOptions": {
        "type": "fixed",
        "rotation": {
          "x": 0,
          "y": 0.7071067811865475,
          "z": 0,
          "w": 0.7071067811865476
        }
      }
    },
    "-11.5,1.46875,-3.5": {
      "modelUri": "models/environment/stone-altar-3.gltf",
      "modelPreferredShape": "trimesh",
      "modelLoopedAnimations": [
        "idle"
      ],
      "modelScale": 1,
      "name": "stone-altar-3",
      "rigidBodyOptions": {
        "type": "fixed",
        "rotation": {
          "x": 0,
          "y": 0.7071067811865475,
          "z": 0,
          "w": 0.7071067811865476
        }
      }
    },
    "-11.5,1.46875,-0.5": {
      "modelUri": "models/environment/stone-altar-3.gltf",
      "modelPreferredShape": "trimesh",
      "modelLoopedAnimations": [
        "idle"
      ],
      "modelScale": 1,
      "name": "stone-altar-3",
      "rigidBodyOptions": {
        "type": "fixed",
        "rotation": {
          "x": 0,
          "y": 0.7071067811865475,
          "z": 0,
          "w": 0.7071067811865476
        }
      }
    },
    "-11.5,1.46875,2.5": {
      "modelUri": "models/environment/stone-altar-3.gltf",
      "modelPreferredShape": "trimesh",
      "modelLoopedAnimations": [
        "idle"
      ],
      "modelScale": 1,
      "name": "stone-altar-3",
      "rigidBodyOptions": {
        "type": "fixed",
        "rotation": {
          "x": 0,
          "y": 0.7071067811865475,
          "z": 0,
          "w": 0.7071067811865476
        }
      }
    },
    "-11.5,1.46875,5.5": {
      "modelUri": "models/environment/stone-altar-3.gltf",
      "modelPreferredShape": "trimesh",
      "modelLoopedAnimations": [
        "idle"
      ],
      "modelScale": 1,
      "name": "stone-altar-3",
      "rigidBodyOptions": {
        "type": "fixed",
        "rotation": {
          "x": 0,
          "y": 0.7071067811865475,
          "z": 0,
          "w": 0.7071067811865476
        }
      }
    },
    "-11.5,1.46875,8.5": {
      "modelUri": "models/environment/stone-altar-3.gltf",
      "modelPreferredShape": "trimesh",
      "modelLoopedAnimations": [
        "idle"
      ],
      "modelScale": 1,
      "name": "stone-altar-3",
      "rigidBodyOptions": {
        "type": "fixed",
        "rotation": {
          "x": 0,
          "y": 0.7071067811865475,
          "z": 0,
          "w": 0.7071067811865476
        }
      }
    },
    "-11.5,1.46875,11.5": {
      "modelUri": "models/environment/stone-altar-3.gltf",
      "modelPreferredShape": "trimesh",
      "modelLoopedAnimations": [
        "idle"
      ],
      "modelScale": 1,
      "name": "stone-altar-3",
      "rigidBodyOptions": {
        "type": "fixed",
        "rotation": {
          "x": 0,
          "y": 0.7071067811865475,
          "z": 0,
          "w": 0.7071067811865476
        }
      }
    },
    "-11.5,1.46875,14.5": {
      "modelUri": "models/environment/stone-altar-3.gltf",
      "modelPreferredShape": "trimesh",
      "modelLoopedAnimations": [
        "idle"
      ],
      "modelScale": 1,
      "name": "stone-altar-3",
      "rigidBodyOptions": {
        "type": "fixed",
        "rotation": {
          "x": 0,
          "y": 0.7071067811865475,
          "z": 0,
          "w": 0.7071067811865476
        }
      }
    },
    "29.5,1.46875,-27.5": {
      "modelUri": "models/environment/stone-altar-3.gltf",
      "modelPreferredShape": "trimesh",
      "modelLoopedAnimations": [
        "idle"
      ],
      "modelScale": 1,
      "name": "stone-altar-3",
      "rigidBodyOptions": {
        "type": "fixed",
        "rotation": {
          "x": 0,
          "y": 0.7071067811865475,
          "z": 0,
          "w": 0.7071067811865476
        }
      }
    },
    "29.5,1.46875,-24.5": {
      "modelUri": "models/environment/stone-altar-3.gltf",
      "modelPreferredShape": "trimesh",
      "modelLoopedAnimations": [
        "idle"
      ],
      "modelScale": 1,
      "name": "stone-altar-3",
      "rigidBodyOptions": {
        "type": "fixed",
        "rotation": {
          "x": 0,
          "y": 0.7071067811865475,
          "z": 0,
          "w": 0.7071067811865476
        }
      }
    },
    "29.5,1.46875,-21.5": {
      "modelUri": "models/environment/stone-altar-3.gltf",
      "modelPreferredShape": "trimesh",
      "modelLoopedAnimations": [
        "idle"
      ],
      "modelScale": 1,
      "name": "stone-altar-3",
      "rigidBodyOptions": {
        "type": "fixed",
        "rotation": {
          "x": 0,
          "y": 0.7071067811865475,
          "z": 0,
          "w": 0.7071067811865476
        }
      }
    },
    "29.5,1.46875,-18.5": {
      "modelUri": "models/environment/stone-altar-3.gltf",
      "modelPreferredShape": "trimesh",
      "modelLoopedAnimations": [
        "idle"
      ],
      "modelScale": 1,
      "name": "stone-altar-3",
      "rigidBodyOptions": {
        "type": "fixed",
        "rotation": {
          "x": 0,
          "y": 0.7071067811865475,
          "z": 0,
          "w": 0.7071067811865476
        }
      }
    },
    "29.5,1.46875,-15.5": {
      "modelUri": "models/environment/stone-altar-3.gltf",
      "modelPreferredShape": "trimesh",
      "modelLoopedAnimations": [
        "idle"
      ],
      "modelScale": 1,
      "name": "stone-altar-3",
      "rigidBodyOptions": {
        "type": "fixed",
        "rotation": {
          "x": 0,
          "y": 0.7071067811865475,
          "z": 0,
          "w": 0.7071067811865476
        }
      }
    },
    "29.5,1.46875,-12.5": {
      "modelUri": "models/environment/stone-altar-3.gltf",
      "modelPreferredShape": "trimesh",
      "modelLoopedAnimations": [
        "idle"
      ],
      "modelScale": 1,
      "name": "stone-altar-3",
      "rigidBodyOptions": {
        "type": "fixed",
        "rotation": {
          "x": 0,
          "y": 0.7071067811865475,
          "z": 0,
          "w": 0.7071067811865476
        }
      }
    },
    "29.5,1.46875,-9.5": {
      "modelUri": "models/environment/stone-altar-3.gltf",
      "modelPreferredShape": "trimesh",
      "modelLoopedAnimations": [
        "idle"
      ],
      "modelScale": 1,
      "name": "stone-altar-3",
      "rigidBodyOptions": {
        "type": "fixed",
        "rotation": {
          "x": 0,
          "y": 0.7071067811865475,
          "z": 0,
          "w": 0.7071067811865476
        }
      }
    },
    "29.5,1.46875,-6.5": {
      "modelUri": "models/environment/stone-altar-3.gltf",
      "modelPreferredShape": "trimesh",
      "modelLoopedAnimations": [
        "idle"
      ],
      "modelScale": 1,
      "name": "stone-altar-3",
      "rigidBodyOptions": {
        "type": "fixed",
        "rotation": {
          "x": 0,
          "y": 0.7071067811865475,
          "z": 0,
          "w": 0.7071067811865476
        }
      }
    },
    "29.5,1.46875,-3.5": {
      "modelUri": "models/environment/stone-altar-3.gltf",
      "modelPreferredShape": "trimesh",
      "modelLoopedAnimations": [
        "idle"
      ],
      "modelScale": 1,
      "name": "stone-altar-3",
      "rigidBodyOptions": {
        "type": "fixed",
        "rotation": {
          "x": 0,
          "y": 0.7071067811865475,
          "z": 0,
          "w": 0.7071067811865476
        }
      }
    },
    "29.5,1.46875,-0.5": {
      "modelUri": "models/environment/stone-altar-3.gltf",
      "modelPreferredShape": "trimesh",
      "modelLoopedAnimations": [
        "idle"
      ],
      "modelScale": 1,
      "name": "stone-altar-3",
      "rigidBodyOptions": {
        "type": "fixed",
        "rotation": {
          "x": 0,
          "y": 0.7071067811865475,
          "z": 0,
          "w": 0.7071067811865476
        }
      }
    },
    "29.5,1.46875,2.5": {
      "modelUri": "models/environment/stone-altar-3.gltf",
      "modelPreferredShape": "trimesh",
      "modelLoopedAnimations": [
        "idle"
      ],
      "modelScale": 1,
      "name": "stone-altar-3",
      "rigidBodyOptions": {
        "type": "fixed",
        "rotation": {
          "x": 0,
          "y": 0.7071067811865475,
          "z": 0,
          "w": 0.7071067811865476
        }
      }
    },
    "29.5,1.46875,5.5": {
      "modelUri": "models/environment/stone-altar-3.gltf",
      "modelPreferredShape": "trimesh",
      "modelLoopedAnimations": [
        "idle"
      ],
      "modelScale": 1,
      "name": "stone-altar-3",
      "rigidBodyOptions": {
        "type": "fixed",
        "rotation": {
          "x": 0,
          "y": 0.7071067811865475,
          "z": 0,
          "w": 0.7071067811865476
        }
      }
    },
    "29.5,1.46875,8.5": {
      "modelUri": "models/environment/stone-altar-3.gltf",
      "modelPreferredShape": "trimesh",
      "modelLoopedAnimations": [
        "idle"
      ],
      "modelScale": 1,
      "name": "stone-altar-3",
      "rigidBodyOptions": {
        "type": "fixed",
        "rotation": {
          "x": 0,
          "y": 0.7071067811865475,
          "z": 0,
          "w": 0.7071067811865476
        }
      }
    },
    "29.5,1.46875,11.5": {
      "modelUri": "models/environment/stone-altar-3.gltf",
      "modelPreferredShape": "trimesh",
      "modelLoopedAnimations": [
        "idle"
      ],
      "modelScale": 1,
      "name": "stone-altar-3",
      "rigidBodyOptions": {
        "type": "fixed",
        "rotation": {
          "x": 0,
          "y": 0.7071067811865475,
          "z": 0,
          "w": 0.7071067811865476
        }
      }
    },
    "29.5,1.46875,14.5": {
      "modelUri": "models/environment/stone-altar-3.gltf",
      "modelPreferredShape": "trimesh",
      "modelLoopedAnimations": [
        "idle"
      ],
      "modelScale": 1,
      "name": "stone-altar-3",
      "rigidBodyOptions": {
        "type": "fixed",
        "rotation": {
          "x": 0,
          "y": 0.7071067811865475,
          "z": 0,
          "w": 0.7071067811865476
        }
      }
    },
    "-11.500000000745057,2.2803749992847444,14.500000000745057": {
      "modelUri": "models/environment/lantern.gltf",
      "modelPreferredShape": "trimesh",
      "modelLoopedAnimations": [
        "idle"
      ],
      "modelScale": 1,
      "name": "lantern",
      "rigidBodyOptions": {
        "type": "fixed",
        "rotation": {
          "x": 0,
          "y": 0.7071067811865475,
          "z": 0,
          "w": 0.7071067811865476
        }
      }
    },
    "-11.500000000745057,2.2803749992847444,11.500000000745057": {
      "modelUri": "models/environment/lantern.gltf",
      "modelPreferredShape": "trimesh",
      "modelLoopedAnimations": [
        "idle"
      ],
      "modelScale": 1,
      "name": "lantern",
      "rigidBodyOptions": {
        "type": "fixed",
        "rotation": {
          "x": 0,
          "y": 0.7071067811865475,
          "z": 0,
          "w": 0.7071067811865476
        }
      }
    },
    "-11.500000000745057,2.2803749992847444,8.500000000745057": {
      "modelUri": "models/environment/lantern.gltf",
      "modelPreferredShape": "trimesh",
      "modelLoopedAnimations": [
        "idle"
      ],
      "modelScale": 1,
      "name": "lantern",
      "rigidBodyOptions": {
        "type": "fixed",
        "rotation": {
          "x": 0,
          "y": 0.7071067811865475,
          "z": 0,
          "w": 0.7071067811865476
        }
      }
    },
    "-11.500000000745057,2.2803749992847444,5.500000000745058": {
      "modelUri": "models/environment/lantern.gltf",
      "modelPreferredShape": "trimesh",
      "modelLoopedAnimations": [
        "idle"
      ],
      "modelScale": 1,
      "name": "lantern",
      "rigidBodyOptions": {
        "type": "fixed",
        "rotation": {
          "x": 0,
          "y": 0.7071067811865475,
          "z": 0,
          "w": 0.7071067811865476
        }
      }
    },
    "-11.500000000745057,2.2803749992847444,2.500000000745058": {
      "modelUri": "models/environment/lantern.gltf",
      "modelPreferredShape": "trimesh",
      "modelLoopedAnimations": [
        "idle"
      ],
      "modelScale": 1,
      "name": "lantern",
      "rigidBodyOptions": {
        "type": "fixed",
        "rotation": {
          "x": 0,
          "y": 0.7071067811865475,
          "z": 0,
          "w": 0.7071067811865476
        }
      }
    },
    "-11.500000000745057,2.2803749992847444,-0.49999999925494204": {
      "modelUri": "models/environment/lantern.gltf",
      "modelPreferredShape": "trimesh",
      "modelLoopedAnimations": [
        "idle"
      ],
      "modelScale": 1,
      "name": "lantern",
      "rigidBodyOptions": {
        "type": "fixed",
        "rotation": {
          "x": 0,
          "y": 0.7071067811865475,
          "z": 0,
          "w": 0.7071067811865476
        }
      }
    },
    "-11.500000000745057,2.2803749992847444,-3.499999999254942": {
      "modelUri": "models/environment/lantern.gltf",
      "modelPreferredShape": "trimesh",
      "modelLoopedAnimations": [
        "idle"
      ],
      "modelScale": 1,
      "name": "lantern",
      "rigidBodyOptions": {
        "type": "fixed",
        "rotation": {
          "x": 0,
          "y": 0.7071067811865475,
          "z": 0,
          "w": 0.7071067811865476
        }
      }
    },
    "-11.500000000745057,2.2803749992847444,-27.499999999254943": {
      "modelUri": "models/environment/lantern.gltf",
      "modelPreferredShape": "trimesh",
      "modelLoopedAnimations": [
        "idle"
      ],
      "modelScale": 1,
      "name": "lantern",
      "rigidBodyOptions": {
        "type": "fixed",
        "rotation": {
          "x": 0,
          "y": 0.7071067811865475,
          "z": 0,
          "w": 0.7071067811865476
        }
      }
    },
    "-11.500000000745057,2.2803749992847444,-24.499999999254943": {
      "modelUri": "models/environment/lantern.gltf",
      "modelPreferredShape": "trimesh",
      "modelLoopedAnimations": [
        "idle"
      ],
      "modelScale": 1,
      "name": "lantern",
      "rigidBodyOptions": {
        "type": "fixed",
        "rotation": {
          "x": 0,
          "y": 0.7071067811865475,
          "z": 0,
          "w": 0.7071067811865476
        }
      }
    },
    "-11.500000000745057,2.2803749992847444,-21.499999999254943": {
      "modelUri": "models/environment/lantern.gltf",
      "modelPreferredShape": "trimesh",
      "modelLoopedAnimations": [
        "idle"
      ],
      "modelScale": 1,
      "name": "lantern",
      "rigidBodyOptions": {
        "type": "fixed",
        "rotation": {
          "x": 0,
          "y": 0.7071067811865475,
          "z": 0,
          "w": 0.7071067811865476
        }
      }
    },
    "-11.500000000745057,2.2803749992847444,-18.499999999254943": {
      "modelUri": "models/environment/lantern.gltf",
      "modelPreferredShape": "trimesh",
      "modelLoopedAnimations": [
        "idle"
      ],
      "modelScale": 1,
      "name": "lantern",
      "rigidBodyOptions": {
        "type": "fixed",
        "rotation": {
          "x": 0,
          "y": 0.7071067811865475,
          "z": 0,
          "w": 0.7071067811865476
        }
      }
    },
    "-11.500000000745057,2.2803749992847444,-15.499999999254943": {
      "modelUri": "models/environment/lantern.gltf",
      "modelPreferredShape": "trimesh",
      "modelLoopedAnimations": [
        "idle"
      ],
      "modelScale": 1,
      "name": "lantern",
      "rigidBodyOptions": {
        "type": "fixed",
        "rotation": {
          "x": 0,
          "y": 0.7071067811865475,
          "z": 0,
          "w": 0.7071067811865476
        }
      }
    },
    "-11.500000000745057,2.2803749992847444,-12.499999999254943": {
      "modelUri": "models/environment/lantern.gltf",
      "modelPreferredShape": "trimesh",
      "modelLoopedAnimations": [
        "idle"
      ],
      "modelScale": 1,
      "name": "lantern",
      "rigidBodyOptions": {
        "type": "fixed",
        "rotation": {
          "x": 0,
          "y": 0.7071067811865475,
          "z": 0,
          "w": 0.7071067811865476
        }
      }
    },
    "-11.500000000745057,2.2803749992847444,-9.499999999254943": {
      "modelUri": "models/environment/lantern.gltf",
      "modelPreferredShape": "trimesh",
      "modelLoopedAnimations": [
        "idle"
      ],
      "modelScale": 1,
      "name": "lantern",
      "rigidBodyOptions": {
        "type": "fixed",
        "rotation": {
          "x": 0,
          "y": 0.7071067811865475,
          "z": 0,
          "w": 0.7071067811865476
        }
      }
    },
    "-11.500000000745057,2.2803749992847444,-6.499999999254942": {
      "modelUri": "models/environment/lantern.gltf",
      "modelPreferredShape": "trimesh",
      "modelLoopedAnimations": [
        "idle"
      ],
      "modelScale": 1,
      "name": "lantern",
      "rigidBodyOptions": {
        "type": "fixed",
        "rotation": {
          "x": 0,
          "y": 0.7071067811865475,
          "z": 0,
          "w": 0.7071067811865476
        }
      }
    },
    "29.499999999254943,2.2803749992847444,-27.499999999254943": {
      "modelUri": "models/environment/lantern.gltf",
      "modelPreferredShape": "trimesh",
      "modelLoopedAnimations": [
        "idle"
      ],
      "modelScale": 1,
      "name": "lantern",
      "rigidBodyOptions": {
        "type": "fixed",
        "rotation": {
          "x": 0,
          "y": 0.7071067811865475,
          "z": 0,
          "w": 0.7071067811865476
        }
      }
    },
    "29.499999999254943,2.2803749992847444,-24.499999999254943": {
      "modelUri": "models/environment/lantern.gltf",
      "modelPreferredShape": "trimesh",
      "modelLoopedAnimations": [
        "idle"
      ],
      "modelScale": 1,
      "name": "lantern",
      "rigidBodyOptions": {
        "type": "fixed",
        "rotation": {
          "x": 0,
          "y": 0.7071067811865475,
          "z": 0,
          "w": 0.7071067811865476
        }
      }
    },
    "29.499999999254943,2.2803749992847444,-21.499999999254943": {
      "modelUri": "models/environment/lantern.gltf",
      "modelPreferredShape": "trimesh",
      "modelLoopedAnimations": [
        "idle"
      ],
      "modelScale": 1,
      "name": "lantern",
      "rigidBodyOptions": {
        "type": "fixed",
        "rotation": {
          "x": 0,
          "y": 0.7071067811865475,
          "z": 0,
          "w": 0.7071067811865476
        }
      }
    },
    "29.499999999254943,2.2803749992847444,-18.499999999254943": {
      "modelUri": "models/environment/lantern.gltf",
      "modelPreferredShape": "trimesh",
      "modelLoopedAnimations": [
        "idle"
      ],
      "modelScale": 1,
      "name": "lantern",
      "rigidBodyOptions": {
        "type": "fixed",
        "rotation": {
          "x": 0,
          "y": 0.7071067811865475,
          "z": 0,
          "w": 0.7071067811865476
        }
      }
    },
    "29.499999999254943,2.2803749992847444,-15.499999999254943": {
      "modelUri": "models/environment/lantern.gltf",
      "modelPreferredShape": "trimesh",
      "modelLoopedAnimations": [
        "idle"
      ],
      "modelScale": 1,
      "name": "lantern",
      "rigidBodyOptions": {
        "type": "fixed",
        "rotation": {
          "x": 0,
          "y": 0.7071067811865475,
          "z": 0,
          "w": 0.7071067811865476
        }
      }
    },
    "29.499999999254943,2.2803749992847444,-12.499999999254943": {
      "modelUri": "models/environment/lantern.gltf",
      "modelPreferredShape": "trimesh",
      "modelLoopedAnimations": [
        "idle"
      ],
      "modelScale": 1,
      "name": "lantern",
      "rigidBodyOptions": {
        "type": "fixed",
        "rotation": {
          "x": 0,
          "y": 0.7071067811865475,
          "z": 0,
          "w": 0.7071067811865476
        }
      }
    },
    "29.499999999254943,2.2803749992847444,-9.499999999254943": {
      "modelUri": "models/environment/lantern.gltf",
      "modelPreferredShape": "trimesh",
      "modelLoopedAnimations": [
        "idle"
      ],
      "modelScale": 1,
      "name": "lantern",
      "rigidBodyOptions": {
        "type": "fixed",
        "rotation": {
          "x": 0,
          "y": 0.7071067811865475,
          "z": 0,
          "w": 0.7071067811865476
        }
      }
    },
    "29.499999999254943,2.2803749992847444,-6.499999999254942": {
      "modelUri": "models/environment/lantern.gltf",
      "modelPreferredShape": "trimesh",
      "modelLoopedAnimations": [
        "idle"
      ],
      "modelScale": 1,
      "name": "lantern",
      "rigidBodyOptions": {
        "type": "fixed",
        "rotation": {
          "x": 0,
          "y": 0.7071067811865475,
          "z": 0,
          "w": 0.7071067811865476
        }
      }
    },
    "29.499999999254943,2.2803749992847444,14.500000000745057": {
      "modelUri": "models/environment/lantern.gltf",
      "modelPreferredShape": "trimesh",
      "modelLoopedAnimations": [
        "idle"
      ],
      "modelScale": 1,
      "name": "lantern",
      "rigidBodyOptions": {
        "type": "fixed",
        "rotation": {
          "x": 0,
          "y": 0.7071067811865475,
          "z": 0,
          "w": 0.7071067811865476
        }
      }
    },
    "29.499999999254943,2.2803749992847444,11.500000000745057": {
      "modelUri": "models/environment/lantern.gltf",
      "modelPreferredShape": "trimesh",
      "modelLoopedAnimations": [
        "idle"
      ],
      "modelScale": 1,
      "name": "lantern",
      "rigidBodyOptions": {
        "type": "fixed",
        "rotation": {
          "x": 0,
          "y": 0.7071067811865475,
          "z": 0,
          "w": 0.7071067811865476
        }
      }
    },
    "29.499999999254943,2.2803749992847444,8.500000000745057": {
      "modelUri": "models/environment/lantern.gltf",
      "modelPreferredShape": "trimesh",
      "modelLoopedAnimations": [
        "idle"
      ],
      "modelScale": 1,
      "name": "lantern",
      "rigidBodyOptions": {
        "type": "fixed",
        "rotation": {
          "x": 0,
          "y": 0.7071067811865475,
          "z": 0,
          "w": 0.7071067811865476
        }
      }
    },
    "29.499999999254943,2.2803749992847444,5.500000000745058": {
      "modelUri": "models/environment/lantern.gltf",
      "modelPreferredShape": "trimesh",
      "modelLoopedAnimations": [
        "idle"
      ],
      "modelScale": 1,
      "name": "lantern",
      "rigidBodyOptions": {
        "type": "fixed",
        "rotation": {
          "x": 0,
          "y": 0.7071067811865475,
          "z": 0,
          "w": 0.7071067811865476
        }
      }
    },
    "29.499999999254943,2.2803749992847444,2.500000000745058": {
      "modelUri": "models/environment/lantern.gltf",
      "modelPreferredShape": "trimesh",
      "modelLoopedAnimations": [
        "idle"
      ],
      "modelScale": 1,
      "name": "lantern",
      "rigidBodyOptions": {
        "type": "fixed",
        "rotation": {
          "x": 0,
          "y": 0.7071067811865475,
          "z": 0,
          "w": 0.7071067811865476
        }
      }
    },
    "29.499999999254943,2.2803749992847444,-0.49999999925494204": {
      "modelUri": "models/environment/lantern.gltf",
      "modelPreferredShape": "trimesh",
      "modelLoopedAnimations": [
        "idle"
      ],
      "modelScale": 1,
      "name": "lantern",
      "rigidBodyOptions": {
        "type": "fixed",
        "rotation": {
          "x": 0,
          "y": 0.7071067811865475,
          "z": 0,
          "w": 0.7071067811865476
        }
      }
    },
    "29.499999999254943,2.2803749992847444,-3.499999999254942": {
      "modelUri": "models/environment/lantern.gltf",
      "modelPreferredShape": "trimesh",
      "modelLoopedAnimations": [
        "idle"
      ],
      "modelScale": 1,
      "name": "lantern",
      "rigidBodyOptions": {
        "type": "fixed",
        "rotation": {
          "x": 0,
          "y": 0.7071067811865475,
          "z": 0,
          "w": 0.7071067811865476
        }
      }
    }
  },
  "version": "2.0.0"
}